<?xml version="1.0" encoding="UTF-8"?>
<!DOCTYPE plist PUBLIC "-//Apple//DTD PLIST 1.0//EN" "http://www.apple.com/DTDs/PropertyList-1.0.dtd"/>

<plist version="1.0">
    <dict>
        <key>ROOT</key>
        <array>
            <dict>
                <key>id</key>
                <string>107</string>
                <key>sprites</key>
                <array>
                    <string>1573</string>
                    <string>121</string>
                    <string>1715</string>
                    <string>1716</string>
                    <string>1717</string>
                    <string>1718</string>
                    <string>1719</string>
                    <string>1721</string>
                    <string>1720</string>
                    <string>442</string>
                    <string>1581</string>
                    <string>2576</string>
                    <string>4065</string>
                    <string>342</string>
                    <string>106</string>
                    <string>4125</string>
                    <string>4129</string>
                    <string>4127</string>
                    <string>4126</string>
                    <string>4128</string>
                    <string>4124</string>
                    <string>1576</string>
                    <string>1619</string>
                    <string>1616</string>
                    <string>1613</string>
                    <string>1610</string>
                    <string>1663</string>
                    <string>1589</string>
                    <string>1660</string>
                    <string>1604</string>
                    <string>1685</string>
                    <string>1788</string>
                    <string>3625</string>
                    <string>3905</string>
                    <string>151</string>
                    <string>110</string>
                    <string>2319</string>
                    <string>2536</string>
                    <string>2417</string>
                    <string>3264</string>
                    <string>3556</string>
                    <string>2047</string>
                </array>
            </dict>
            <dict>
                <key>id</key>
                <string>1682</string>
                <key>sprites</key>
                <array>
                    <string>1681</string>
                    <string>2152</string>
                    <string>1723</string>
                    <string>1722</string>
                    <string>2176</string>
                    <string>2153</string>
                    <string>2156</string>
                    <string>2155</string>
                    <string>2154</string>
                    <string>2151</string>
                    <string>2157</string>
                    <string>2177</string>
                    <string>2158</string>
                    <string>2159</string>
                    <string>2150</string>
                    <string>2178</string>
                    <string>2619</string>
                    <string>2183</string>
                    <string>2182</string>
                    <string>2175</string>
                    <string>2180</string>
                    <string>2406</string>
                </array>
            </dict>
            <dict>
                <key>id</key>
                <string>1853</string>
                <key>sprites</key>
                <array>
                    <string>2110</string>
                    <string>2115</string>
                    <string>2111</string>
                    <string>2116</string>
                    <string>2109</string>
                    <string>2059</string>
                    <string>2114</string>
                    <string>2113</string>
                    <string>2112</string>
                    <string>2108</string>
                    <string>2557</string>
                    <string>2249</string>
                    <string>2250</string>
                    <string>2117</string>
                    <string>2251</string>
                    <string>2179</string>
                    <string>2252</string>
                    <string>2253</string>
                    <string>2181</string>
                    <string>2184</string>
                    <string>2248</string>
                    <string>4048</string>
                </array>
            </dict>
            <dict>
                <key>id</key>
                <string>1906</string>
                <key>sprites</key>
                <array>
                    <string>2061</string>
                    <string>2062</string>
                    <string>2060</string>
                    <string>2063</string>
                    <string>2058</string>
                    <string>1934</string>
                    <string>1933</string>
                    <string>1925</string>
                    <string>1932</string>
                    <string>1926</string>
                    <string>1931</string>
                    <string>1927</string>
                    <string>1930</string>
                    <string>1928</string>
                    <string>1929</string>
                    <string>2620</string>
                    <string>2621</string>
                    <string>2622</string>
                    <string>2623</string>
                    <string>2254</string>
                    <string>2257</string>
                    <string>2256</string>
                    <string>2255</string>
                </array>
            </dict>
            <dict>
                <key>id</key>
                <string>2065</string>
                <key>sprites</key>
                <array>
                    <string>2067</string>
                    <string>2066</string>
                    <string>2068</string>
                    <string>2064</string>
                    <string>2617</string>
                    <string>2275</string>
                    <string>2558</string>
                    <string>2276</string>
                    <string>2274</string>
                    <string>2559</string>
                    <string>2277</string>
                    <string>2565</string>
                    <string>2283</string>
                    <string>2560</string>
                    <string>2278</string>
                    <string>2561</string>
                    <string>2279</string>
                    <string>2564</string>
                    <string>2282</string>
                    <string>2562</string>
                    <string>2280</string>
                    <string>2563</string>
                    <string>2281</string>
                    <string>2618</string>
                    <string>2624</string>
                </array>
            </dict>
            <dict>
                <key>id</key>
                <string>2830</string>
                <key>sprites</key>
                <array>
                    <string>4056</string>
                    <string>3882</string>
                    <string>3595</string>
                    <string>2829</string>
                </array>
            </dict>
            <dict>
                <key>id</key>
                <string>3252</string>
                <key>sprites</key>
                <array>
                    <string>3251</string>
                </array>
            </dict>
            <dict>
                <key>id</key>
                <string>3318</string>
                <key>sprites</key>
                <array>
                    <string>3317</string>
                </array>
            </dict>
            <dict>
                <key>id</key>
                <string>4031</string>
                <key>sprites</key>
                <array>
                    <string>4030</string>
                </array>
            </dict>
        </array>
    </dict>
</plist>
