<?xml version="1.0" encoding="UTF-8"?>
<!DOCTYPE plist PUBLIC "-//Apple//DTD PLIST 1.0//EN" "http://www.apple.com/DTDs/PropertyList-1.0.dtd"/>

<plist version="1.0">
    <dict>
        <key>ROOT</key>
        <array>
            <dict>
                <key>id</key>
                <string>1394</string>
                <key>children</key>
                <array>
                    <string>1683</string>
                </array>
            </dict>
            <dict>
                <key>id</key>
                <string>1636</string>
                <key>children</key>
                <array>
                    <string>1637</string>
                    <string>1638</string>
                    <string>3883</string>
                </array>
            </dict>
        </array>
    </dict>
</plist>
