<?xml version="1.0" encoding="UTF-8"?>
<!DOCTYPE plist PUBLIC "-//Apple//DTD PLIST 1.0//EN" "http://www.apple.com/DTDs/PropertyList-1.0.dtd"/>

<plist version="1.0">
    <dict>
        <key>ROOT</key>
        <array>
            <dict>
                <key>id</key>
                <string>103</string>
                <key>children</key>
                <array>
                    <string>217</string>
                    <string>429</string>
                    <string>515</string>
                    <string>605</string>
                    <string>610</string>
                    <string>641</string>
                </array>
                <key>childLinkers</key>
                <array/>
            </dict>
            <dict>
                <key>id</key>
                <string>1639</string>
                <key>children</key>
                <array>
                    <string>1644</string>
                    <string>3711</string>
                    <string>3713</string>
                    <string>3715</string>
                    <string>3717</string>
                    <string>3719</string>
                    <string>3721</string>
                    <string>3723</string>
                    <string>3725</string>
                    <string>3727</string>
                    <string>3886</string>
                    <string>3899</string>
                    <string>3901</string>
                    <string>3903</string>
                    <string>3914</string>
                    <string>4359</string>
                    <string>4361</string>
                    <string>4363</string>
                </array>
                <key>childLinkers</key>
                <array/>
            </dict>
            <dict>
                <key>id</key>
                <string>1395</string>
                <key>children</key>
                <array>
                    <string>1694</string>
                    <string>1702</string>
                    <string>1737</string>
                    <string>1804</string>
                    <string>1808</string>
                    <string>1816</string>
                    <string>1820</string>
                    <string>1824</string>
                    <string>2246</string>
                    <string>2328</string>
                    <string>4138</string>
                    <string>4152</string>
                    <string>4154</string>
                    <string>4156</string>
                    <string>4158</string>
                    <string>4160</string>
                    <string>4162</string>
                </array>
                <key>childLinkers</key>
                <array>
                    <string>1828</string>
                    <string>1829</string>
                    <string>1830</string>
                    <string>1831</string>
                    <string>1832</string>
                    <string>1833</string>
                </array>
            </dict>
            <dict>
                <key>id</key>
                <string>1646</string>
                <key>children</key>
                <array>
                    <string>3731</string>
                    <string>3733</string>
                    <string>3735</string>
                    <string>3737</string>
                    <string>3739</string>
                    <string>3741</string>
                    <string>3743</string>
                    <string>3745</string>
                    <string>3747</string>
                    <string>3917</string>
                    <string>3920</string>
                    <string>3925</string>
                    <string>3929</string>
                    <string>4365</string>
                    <string>4367</string>
                    <string>4369</string>
                    <string>4371</string>
                    <string>4373</string>
                </array>
                <key>childLinkers</key>
                <array/>
            </dict>
            <dict>
                <key>id</key>
                <string>1703</string>
                <key>children</key>
                <array>
                    <string>1745</string>
                    <string>2398</string>
                    <string>2400</string>
                    <string>2415</string>
                    <string>2426</string>
                    <string>2545</string>
                    <string>2547</string>
                    <string>2549</string>
                    <string>2574</string>
                    <string>2585</string>
                    <string>4165</string>
                    <string>4167</string>
                </array>
                <key>childLinkers</key>
                <array/>
            </dict>
            <dict>
                <key>id</key>
                <string>3748</string>
                <key>children</key>
                <array>
                    <string>3750</string>
                    <string>3752</string>
                    <string>3754</string>
                    <string>3756</string>
                    <string>3758</string>
                    <string>3760</string>
                    <string>3762</string>
                    <string>3764</string>
                    <string>3766</string>
                    <string>3933</string>
                    <string>4375</string>
                    <string>4377</string>
                    <string>4379</string>
                    <string>4381</string>
                    <string>4383</string>
                </array>
                <key>childLinkers</key>
                <array/>
            </dict>
            <dict>
                <key>id</key>
                <string>1704</string>
                <key>children</key>
                <array>
                    <string>2005</string>
                    <string>2007</string>
                    <string>2009</string>
                    <string>2011</string>
                    <string>2013</string>
                    <string>2839</string>
                    <string>2841</string>
                    <string>2843</string>
                    <string>2845</string>
                    <string>2880</string>
                    <string>4170</string>
                    <string>4172</string>
                    <string>4174</string>
                    <string>4176</string>
                    <string>4178</string>
                    <string>4180</string>
                </array>
                <key>childLinkers</key>
                <array/>
            </dict>
            <dict>
                <key>id</key>
                <string>3767</string>
                <key>children</key>
                <array>
                    <string>3769</string>
                    <string>3771</string>
                    <string>3773</string>
                    <string>3775</string>
                    <string>3777</string>
                    <string>3779</string>
                    <string>3781</string>
                    <string>3783</string>
                    <string>3785</string>
                    <string>3938</string>
                    <string>3944</string>
                    <string>4385</string>
                    <string>4387</string>
                    <string>4389</string>
                    <string>4391</string>
                </array>
                <key>childLinkers</key>
                <array/>
            </dict>
            <dict>
                <key>id</key>
                <string>3786</string>
                <key>children</key>
                <array>
                    <string>3788</string>
                    <string>3790</string>
                    <string>3792</string>
                    <string>3794</string>
                    <string>3796</string>
                    <string>3798</string>
                    <string>3800</string>
                    <string>3802</string>
                    <string>3804</string>
                    <string>3950</string>
                    <string>4393</string>
                    <string>4395</string>
                    <string>4397</string>
                    <string>4399</string>
                </array>
                <key>childLinkers</key>
                <array/>
            </dict>
            <dict>
                <key>id</key>
                <string>2882</string>
                <key>children</key>
                <array>
                    <string>2886</string>
                    <string>2908</string>
                    <string>2910</string>
                    <string>2912</string>
                    <string>2914</string>
                    <string>2917</string>
                    <string>2919</string>
                    <string>2921</string>
                    <string>2923</string>
                    <string>2925</string>
                    <string>2927</string>
                    <string>2967</string>
                    <string>2973</string>
                    <string>4185</string>
                    <string>4187</string>
                    <string>4189</string>
                </array>
                <key>childLinkers</key>
                <array/>
            </dict>
            <dict>
                <key>id</key>
                <string>3805</string>
                <key>children</key>
                <array>
                    <string>3807</string>
                    <string>3809</string>
                    <string>3811</string>
                    <string>3813</string>
                    <string>3815</string>
                    <string>3817</string>
                    <string>3819</string>
                    <string>3821</string>
                    <string>3823</string>
                    <string>3956</string>
                    <string>3960</string>
                </array>
                <key>childLinkers</key>
                <array/>
            </dict>
            <dict>
                <key>id</key>
                <string>2887</string>
                <key>children</key>
                <array>
                    <string>2888</string>
                    <string>2900</string>
                    <string>2902</string>
                    <string>2904</string>
                    <string>2906</string>
                    <string>2995</string>
                    <string>2997</string>
                    <string>2999</string>
                    <string>3001</string>
                    <string>3006</string>
                    <string>3012</string>
                    <string>3041</string>
                    <string>4197</string>
                    <string>4199</string>
                    <string>4201</string>
                    <string>4203</string>
                </array>
                <key>childLinkers</key>
                <array/>
            </dict>
            <dict>
                <key>id</key>
                <string>3824</string>
                <key>children</key>
                <array>
                    <string>3826</string>
                    <string>3828</string>
                    <string>3830</string>
                    <string>3832</string>
                    <string>3834</string>
                    <string>3836</string>
                    <string>3838</string>
                    <string>3840</string>
                    <string>3842</string>
                    <string>3963</string>
                    <string>3965</string>
                    <string>3967</string>
                    <string>4401</string>
                    <string>4403</string>
                    <string>4405</string>
                </array>
                <key>childLinkers</key>
                <array/>
            </dict>
            <dict>
                <key>id</key>
                <string>3843</string>
                <key>children</key>
                <array>
                    <string>3845</string>
                    <string>3847</string>
                    <string>3849</string>
                    <string>3851</string>
                    <string>3853</string>
                    <string>3855</string>
                    <string>3857</string>
                    <string>3859</string>
                    <string>3861</string>
                    <string>3976</string>
                    <string>3987</string>
                    <string>4013</string>
                    <string>4015</string>
                    <string>4017</string>
                    <string>4407</string>
                    <string>4409</string>
                    <string>4411</string>
                </array>
                <key>childLinkers</key>
                <array/>
            </dict>
            <dict>
                <key>id</key>
                <string>2889</string>
                <key>children</key>
                <array>
                    <string>2890</string>
                    <string>2892</string>
                    <string>2894</string>
                    <string>2896</string>
                    <string>2898</string>
                    <string>3078</string>
                    <string>3084</string>
                    <string>3090</string>
                    <string>3096</string>
                    <string>3102</string>
                    <string>3108</string>
                    <string>4205</string>
                    <string>4207</string>
                    <string>4209</string>
                    <string>4211</string>
                    <string>4213</string>
                    <string>4215</string>
                </array>
                <key>childLinkers</key>
                <array/>
            </dict>
            <dict>
                <key>id</key>
                <string>3862</string>
                <key>children</key>
                <array>
                    <string>3864</string>
                    <string>3866</string>
                    <string>3868</string>
                    <string>3870</string>
                    <string>3872</string>
                    <string>3874</string>
                    <string>3876</string>
                    <string>3878</string>
                    <string>3880</string>
                    <string>3994</string>
                    <string>4010</string>
                </array>
                <key>childLinkers</key>
                <array/>
            </dict>
            <dict>
                <key>id</key>
                <string>3398</string>
                <key>children</key>
                <array>
                    <string>3404</string>
                    <string>3406</string>
                    <string>3408</string>
                    <string>3410</string>
                    <string>3412</string>
                    <string>3551</string>
                    <string>3554</string>
                    <string>3565</string>
                    <string>3570</string>
                    <string>3574</string>
                    <string>4217</string>
                    <string>4221</string>
                </array>
                <key>childLinkers</key>
                <array/>
            </dict>
            <dict>
                <key>id</key>
                <string>3399</string>
                <key>children</key>
                <array>
                    <string>3416</string>
                    <string>3418</string>
                    <string>3420</string>
                    <string>3422</string>
                    <string>3424</string>
                    <string>3604</string>
                    <string>3606</string>
                    <string>3608</string>
                    <string>3610</string>
                    <string>4224</string>
                    <string>4226</string>
                    <string>4228</string>
                    <string>4230</string>
                </array>
                <key>childLinkers</key>
                <array/>
            </dict>
            <dict>
                <key>id</key>
                <string>1249</string>
                <key>children</key>
                <array>
                    <string>1251</string>
                </array>
                <key>childLinkers</key>
                <array/>
            </dict>
            <dict>
                <key>id</key>
                <string>3400</string>
                <key>children</key>
                <array>
                    <string>3428</string>
                    <string>3430</string>
                    <string>3432</string>
                    <string>3434</string>
                    <string>3436</string>
                    <string>3618</string>
                    <string>3622</string>
                    <string>3634</string>
                </array>
                <key>childLinkers</key>
                <array/>
            </dict>
            <dict>
                <key>id</key>
                <string>3439</string>
                <key>children</key>
                <array>
                    <string>3441</string>
                    <string>3443</string>
                    <string>3445</string>
                    <string>3447</string>
                    <string>3449</string>
                    <string>3637</string>
                    <string>3640</string>
                    <string>3643</string>
                    <string>4232</string>
                    <string>4234</string>
                    <string>4236</string>
                    <string>4238</string>
                </array>
                <key>childLinkers</key>
                <array/>
            </dict>
            <dict>
                <key>id</key>
                <string>104</string>
                <key>children</key>
                <array>
                    <string>394</string>
                    <string>426</string>
                    <string>463</string>
                    <string>475</string>
                    <string>484</string>
                    <string>499</string>
                    <string>582</string>
                    <string>594</string>
                    <string>596</string>
                    <string>755</string>
                    <string>935</string>
                    <string>951</string>
                </array>
                <key>childLinkers</key>
                <array/>
            </dict>
            <dict>
                <key>id</key>
                <string>3450</string>
                <key>children</key>
                <array>
                    <string>3454</string>
                    <string>3456</string>
                    <string>3458</string>
                    <string>3460</string>
                    <string>3462</string>
                    <string>3648</string>
                    <string>3654</string>
                    <string>3664</string>
                    <string>3670</string>
                    <string>3676</string>
                    <string>3682</string>
                    <string>3688</string>
                    <string>3694</string>
                    <string>3700</string>
                    <string>3706</string>
                    <string>4240</string>
                    <string>4242</string>
                    <string>4244</string>
                    <string>4246</string>
                    <string>4248</string>
                </array>
                <key>childLinkers</key>
                <array/>
            </dict>
            <dict>
                <key>id</key>
                <string>938</string>
                <key>children</key>
                <array>
                    <string>1113</string>
                </array>
                <key>childLinkers</key>
                <array/>
            </dict>
            <dict>
                <key>id</key>
                <string>939</string>
                <key>children</key>
                <array>
                    <string>1017</string>
                    <string>1035</string>
                    <string>1047</string>
                    <string>1133</string>
                    <string>1154</string>
                </array>
                <key>childLinkers</key>
                <array/>
            </dict>
        </array>
    </dict>
</plist>
