<?xml version="1.0" encoding="UTF-8"?>
<!DOCTYPE plist PUBLIC "-//Apple//DTD PLIST 1.0//EN" "http://www.apple.com/DTDs/PropertyList-1.0.dtd"/>

<plist version="1.0">
    <dict>
        <key>ROOT</key>
        <array>
            <dict>
                <key>id</key>
                <string>3643</string>
                <key>className</key>
                <string>PTModelObjectAssetPath</string>
                <key>Name</key>
                <dict>
                    <key>value</key>
                    <string>Path</string>
                </dict>
                <key>Position</key>
                <dict>
                    <key>value</key>
                    <string>{722.398,365.303}</string>
                </dict>
                <key>Scale</key>
                <dict>
                    <key>value</key>
                    <string>{1.000,1.000}</string>
                </dict>
                <key>Hidden</key>
                <dict>
                    <key>visible</key>
                    <string>0</string>
                </dict>
                <key>Locked</key>
                <dict>
                    <key>visible</key>
                    <string>0</string>
                </dict>
                <key>Play Mode</key>
                <dict>
                    <key>selectedStringValue</key>
                    <string>kPlayModeSingle</string>
                </dict>
                <key>Affected Asset</key>
                <dict>
                    <key>selectedStringValue</key>
                    <string>kAll</string>
                </dict>
                <key>zDepth</key>
                <string>501</string>
                <key>points</key>
                <array>
                    <string>{0.000,-92.500}</string>
                    <string>{-82.091,-119.031}</string>
                </array>
            </dict>
        </array>
    </dict>
</plist>
