<?xml version="1.0" encoding="UTF-8"?>
<!DOCTYPE plist PUBLIC "-//Apple//DTD PLIST 1.0//EN" "http://www.apple.com/DTDs/PropertyList-1.0.dtd"/>

<plist version="1.0">
    <dict>
        <key>ROOT</key>
        <array>
            <dict>
                <key>id</key>
                <string>113</string>
                <key>children</key>
                <array>
                    <string>114</string>
                </array>
            </dict>
            <dict>
                <key>id</key>
                <string>130</string>
                <key>children</key>
                <array>
                    <string>447</string>
                </array>
            </dict>
            <dict>
                <key>id</key>
                <string>154</string>
                <key>children</key>
                <array>
                    <string>155</string>
                </array>
            </dict>
            <dict>
                <key>id</key>
                <string>345</string>
                <key>children</key>
                <array>
                    <string>346</string>
                </array>
            </dict>
            <dict>
                <key>id</key>
                <string>403</string>
                <key>children</key>
                <array/>
            </dict>
            <dict>
                <key>id</key>
                <string>812</string>
                <key>children</key>
                <array/>
            </dict>
            <dict>
                <key>id</key>
                <string>838</string>
                <key>children</key>
                <array/>
            </dict>
            <dict>
                <key>id</key>
                <string>849</string>
                <key>children</key>
                <array/>
            </dict>
            <dict>
                <key>id</key>
                <string>865</string>
                <key>children</key>
                <array/>
            </dict>
            <dict>
                <key>id</key>
                <string>979</string>
                <key>children</key>
                <array>
                    <string>984</string>
                </array>
            </dict>
            <dict>
                <key>id</key>
                <string>1167</string>
                <key>children</key>
                <array/>
            </dict>
            <dict>
                <key>id</key>
                <string>1174</string>
                <key>children</key>
                <array/>
            </dict>
            <dict>
                <key>id</key>
                <string>1688</string>
                <key>children</key>
                <array>
                    <string>1689</string>
                </array>
            </dict>
            <dict>
                <key>id</key>
                <string>1726</string>
                <key>children</key>
                <array>
                    <string>1727</string>
                </array>
            </dict>
            <dict>
                <key>id</key>
                <string>1775</string>
                <key>children</key>
                <array>
                    <string>2171</string>
                </array>
            </dict>
            <dict>
                <key>id</key>
                <string>1791</string>
                <key>children</key>
                <array>
                    <string>1792</string>
                </array>
            </dict>
            <dict>
                <key>id</key>
                <string>1867</string>
                <key>children</key>
                <array>
                    <string>2196</string>
                </array>
            </dict>
            <dict>
                <key>id</key>
                <string>1893</string>
                <key>children</key>
                <array>
                    <string>2082</string>
                </array>
            </dict>
            <dict>
                <key>id</key>
                <string>1920</string>
                <key>children</key>
                <array>
                    <string>2129</string>
                </array>
            </dict>
            <dict>
                <key>id</key>
                <string>1946</string>
                <key>children</key>
                <array>
                    <string>2056</string>
                </array>
            </dict>
            <dict>
                <key>id</key>
                <string>1953</string>
                <key>children</key>
                <array>
                    <string>1954</string>
                </array>
            </dict>
            <dict>
                <key>id</key>
                <string>1962</string>
                <key>children</key>
                <array>
                    <string>1963</string>
                </array>
            </dict>
            <dict>
                <key>id</key>
                <string>1971</string>
                <key>children</key>
                <array>
                    <string>1972</string>
                </array>
            </dict>
            <dict>
                <key>id</key>
                <string>1987</string>
                <key>children</key>
                <array>
                    <string>1988</string>
                </array>
            </dict>
            <dict>
                <key>id</key>
                <string>1996</string>
                <key>children</key>
                <array>
                    <string>1997</string>
                </array>
            </dict>
            <dict>
                <key>id</key>
                <string>2017</string>
                <key>children</key>
                <array>
                    <string>2018</string>
                </array>
            </dict>
            <dict>
                <key>id</key>
                <string>2036</string>
                <key>children</key>
                <array>
                    <string>2037</string>
                </array>
            </dict>
            <dict>
                <key>id</key>
                <string>2050</string>
                <key>children</key>
                <array>
                    <string>2051</string>
                </array>
            </dict>
            <dict>
                <key>id</key>
                <string>2088</string>
                <key>children</key>
                <array>
                    <string>2089</string>
                </array>
            </dict>
            <dict>
                <key>id</key>
                <string>2101</string>
                <key>children</key>
                <array>
                    <string>2102</string>
                </array>
            </dict>
            <dict>
                <key>id</key>
                <string>2135</string>
                <key>children</key>
                <array>
                    <string>2136</string>
                </array>
            </dict>
            <dict>
                <key>id</key>
                <string>2202</string>
                <key>children</key>
                <array>
                    <string>2203</string>
                </array>
            </dict>
            <dict>
                <key>id</key>
                <string>2230</string>
                <key>children</key>
                <array>
                    <string>2231</string>
                </array>
            </dict>
            <dict>
                <key>id</key>
                <string>2240</string>
                <key>children</key>
                <array>
                    <string>2297</string>
                </array>
            </dict>
            <dict>
                <key>id</key>
                <string>2269</string>
                <key>children</key>
                <array>
                    <string>2270</string>
                </array>
            </dict>
            <dict>
                <key>id</key>
                <string>2303</string>
                <key>children</key>
                <array>
                    <string>2304</string>
                </array>
            </dict>
            <dict>
                <key>id</key>
                <string>2312</string>
                <key>children</key>
                <array>
                    <string>2313</string>
                </array>
            </dict>
            <dict>
                <key>id</key>
                <string>2322</string>
                <key>children</key>
                <array>
                    <string>2323</string>
                </array>
            </dict>
            <dict>
                <key>id</key>
                <string>2332</string>
                <key>children</key>
                <array>
                    <string>2333</string>
                </array>
            </dict>
            <dict>
                <key>id</key>
                <string>2341</string>
                <key>children</key>
                <array>
                    <string>2342</string>
                </array>
            </dict>
            <dict>
                <key>id</key>
                <string>2350</string>
                <key>children</key>
                <array>
                    <string>2351</string>
                </array>
            </dict>
            <dict>
                <key>id</key>
                <string>2359</string>
                <key>children</key>
                <array>
                    <string>2360</string>
                </array>
            </dict>
            <dict>
                <key>id</key>
                <string>2368</string>
                <key>children</key>
                <array>
                    <string>2369</string>
                </array>
            </dict>
            <dict>
                <key>id</key>
                <string>2377</string>
                <key>children</key>
                <array>
                    <string>2378</string>
                </array>
            </dict>
            <dict>
                <key>id</key>
                <string>2409</string>
                <key>children</key>
                <array>
                    <string>2410</string>
                </array>
            </dict>
            <dict>
                <key>id</key>
                <string>2420</string>
                <key>children</key>
                <array>
                    <string>2421</string>
                </array>
            </dict>
            <dict>
                <key>id</key>
                <string>2430</string>
                <key>children</key>
                <array>
                    <string>2431</string>
                </array>
            </dict>
            <dict>
                <key>id</key>
                <string>2439</string>
                <key>children</key>
                <array>
                    <string>2440</string>
                </array>
            </dict>
            <dict>
                <key>id</key>
                <string>2448</string>
                <key>children</key>
                <array>
                    <string>2449</string>
                </array>
            </dict>
            <dict>
                <key>id</key>
                <string>2457</string>
                <key>children</key>
                <array>
                    <string>2458</string>
                </array>
            </dict>
            <dict>
                <key>id</key>
                <string>2466</string>
                <key>children</key>
                <array>
                    <string>2467</string>
                </array>
            </dict>
            <dict>
                <key>id</key>
                <string>2475</string>
                <key>children</key>
                <array>
                    <string>2476</string>
                </array>
            </dict>
            <dict>
                <key>id</key>
                <string>2484</string>
                <key>children</key>
                <array>
                    <string>2485</string>
                </array>
            </dict>
            <dict>
                <key>id</key>
                <string>2493</string>
                <key>children</key>
                <array>
                    <string>2494</string>
                </array>
            </dict>
            <dict>
                <key>id</key>
                <string>2502</string>
                <key>children</key>
                <array>
                    <string>2503</string>
                </array>
            </dict>
            <dict>
                <key>id</key>
                <string>2511</string>
                <key>children</key>
                <array>
                    <string>2512</string>
                </array>
            </dict>
            <dict>
                <key>id</key>
                <string>2520</string>
                <key>children</key>
                <array>
                    <string>2521</string>
                </array>
            </dict>
            <dict>
                <key>id</key>
                <string>2529</string>
                <key>children</key>
                <array>
                    <string>2530</string>
                </array>
            </dict>
            <dict>
                <key>id</key>
                <string>2539</string>
                <key>children</key>
                <array>
                    <string>2540</string>
                </array>
            </dict>
            <dict>
                <key>id</key>
                <string>2568</string>
                <key>children</key>
                <array>
                    <string>2569</string>
                </array>
            </dict>
            <dict>
                <key>id</key>
                <string>2579</string>
                <key>children</key>
                <array>
                    <string>2580</string>
                </array>
            </dict>
            <dict>
                <key>id</key>
                <string>2589</string>
                <key>children</key>
                <array>
                    <string>2590</string>
                </array>
            </dict>
            <dict>
                <key>id</key>
                <string>2597</string>
                <key>children</key>
                <array>
                    <string>2633</string>
                </array>
            </dict>
            <dict>
                <key>id</key>
                <string>2627</string>
                <key>children</key>
                <array>
                    <string>2628</string>
                </array>
            </dict>
            <dict>
                <key>id</key>
                <string>2647</string>
                <key>children</key>
                <array>
                    <string>2648</string>
                </array>
            </dict>
            <dict>
                <key>id</key>
                <string>2656</string>
                <key>children</key>
                <array>
                    <string>2657</string>
                </array>
            </dict>
            <dict>
                <key>id</key>
                <string>2665</string>
                <key>children</key>
                <array>
                    <string>2666</string>
                </array>
            </dict>
            <dict>
                <key>id</key>
                <string>2674</string>
                <key>children</key>
                <array>
                    <string>2675</string>
                </array>
            </dict>
            <dict>
                <key>id</key>
                <string>2683</string>
                <key>children</key>
                <array>
                    <string>2684</string>
                </array>
            </dict>
            <dict>
                <key>id</key>
                <string>2692</string>
                <key>children</key>
                <array>
                    <string>2693</string>
                </array>
            </dict>
            <dict>
                <key>id</key>
                <string>2701</string>
                <key>children</key>
                <array>
                    <string>2702</string>
                </array>
            </dict>
            <dict>
                <key>id</key>
                <string>2735</string>
                <key>children</key>
                <array>
                    <string>2736</string>
                </array>
            </dict>
            <dict>
                <key>id</key>
                <string>2769</string>
                <key>children</key>
                <array>
                    <string>2770</string>
                </array>
            </dict>
            <dict>
                <key>id</key>
                <string>2788</string>
                <key>children</key>
                <array>
                    <string>2789</string>
                </array>
            </dict>
            <dict>
                <key>id</key>
                <string>2797</string>
                <key>children</key>
                <array>
                    <string>2798</string>
                </array>
            </dict>
            <dict>
                <key>id</key>
                <string>2833</string>
                <key>children</key>
                <array>
                    <string>2834</string>
                </array>
            </dict>
            <dict>
                <key>id</key>
                <string>2852</string>
                <key>children</key>
                <array>
                    <string>2853</string>
                </array>
            </dict>
            <dict>
                <key>id</key>
                <string>2861</string>
                <key>children</key>
                <array>
                    <string>2862</string>
                </array>
            </dict>
            <dict>
                <key>id</key>
                <string>2870</string>
                <key>children</key>
                <array>
                    <string>2871</string>
                </array>
            </dict>
            <dict>
                <key>id</key>
                <string>2931</string>
                <key>children</key>
                <array>
                    <string>2932</string>
                </array>
            </dict>
            <dict>
                <key>id</key>
                <string>2946</string>
                <key>children</key>
                <array>
                    <string>2947</string>
                </array>
            </dict>
            <dict>
                <key>id</key>
                <string>2955</string>
                <key>children</key>
                <array>
                    <string>2956</string>
                </array>
            </dict>
            <dict>
                <key>id</key>
                <string>2978</string>
                <key>children</key>
                <array>
                    <string>2979</string>
                </array>
            </dict>
            <dict>
                <key>id</key>
                <string>2987</string>
                <key>children</key>
                <array>
                    <string>2988</string>
                </array>
            </dict>
            <dict>
                <key>id</key>
                <string>3017</string>
                <key>children</key>
                <array>
                    <string>3018</string>
                </array>
            </dict>
            <dict>
                <key>id</key>
                <string>3046</string>
                <key>children</key>
                <array>
                    <string>3047</string>
                </array>
            </dict>
            <dict>
                <key>id</key>
                <string>3055</string>
                <key>children</key>
                <array>
                    <string>3056</string>
                </array>
            </dict>
            <dict>
                <key>id</key>
                <string>3064</string>
                <key>children</key>
                <array>
                    <string>3065</string>
                </array>
            </dict>
            <dict>
                <key>id</key>
                <string>3114</string>
                <key>children</key>
                <array>
                    <string>3115</string>
                </array>
            </dict>
            <dict>
                <key>id</key>
                <string>3126</string>
                <key>children</key>
                <array>
                    <string>3127</string>
                </array>
            </dict>
            <dict>
                <key>id</key>
                <string>3136</string>
                <key>children</key>
                <array>
                    <string>3137</string>
                </array>
            </dict>
            <dict>
                <key>id</key>
                <string>3145</string>
                <key>children</key>
                <array>
                    <string>3146</string>
                </array>
            </dict>
            <dict>
                <key>id</key>
                <string>3154</string>
                <key>children</key>
                <array>
                    <string>3155</string>
                </array>
            </dict>
            <dict>
                <key>id</key>
                <string>3163</string>
                <key>children</key>
                <array>
                    <string>3164</string>
                </array>
            </dict>
            <dict>
                <key>id</key>
                <string>3172</string>
                <key>children</key>
                <array>
                    <string>3173</string>
                </array>
            </dict>
            <dict>
                <key>id</key>
                <string>3181</string>
                <key>children</key>
                <array>
                    <string>3182</string>
                </array>
            </dict>
            <dict>
                <key>id</key>
                <string>3190</string>
                <key>children</key>
                <array>
                    <string>3191</string>
                </array>
            </dict>
            <dict>
                <key>id</key>
                <string>3199</string>
                <key>children</key>
                <array>
                    <string>3200</string>
                </array>
            </dict>
            <dict>
                <key>id</key>
                <string>3208</string>
                <key>children</key>
                <array>
                    <string>3209</string>
                </array>
            </dict>
            <dict>
                <key>id</key>
                <string>3217</string>
                <key>children</key>
                <array>
                    <string>3218</string>
                </array>
            </dict>
            <dict>
                <key>id</key>
                <string>3226</string>
                <key>children</key>
                <array>
                    <string>3227</string>
                </array>
            </dict>
            <dict>
                <key>id</key>
                <string>3235</string>
                <key>children</key>
                <array>
                    <string>3236</string>
                </array>
            </dict>
            <dict>
                <key>id</key>
                <string>3244</string>
                <key>children</key>
                <array>
                    <string>3245</string>
                </array>
            </dict>
            <dict>
                <key>id</key>
                <string>3255</string>
                <key>children</key>
                <array>
                    <string>3256</string>
                </array>
            </dict>
            <dict>
                <key>id</key>
                <string>3267</string>
                <key>children</key>
                <array>
                    <string>3268</string>
                </array>
            </dict>
            <dict>
                <key>id</key>
                <string>3277</string>
                <key>children</key>
                <array>
                    <string>3278</string>
                </array>
            </dict>
            <dict>
                <key>id</key>
                <string>3286</string>
                <key>children</key>
                <array>
                    <string>3287</string>
                </array>
            </dict>
            <dict>
                <key>id</key>
                <string>3295</string>
                <key>children</key>
                <array>
                    <string>3296</string>
                </array>
            </dict>
            <dict>
                <key>id</key>
                <string>3325</string>
                <key>children</key>
                <array>
                    <string>3326</string>
                </array>
            </dict>
            <dict>
                <key>id</key>
                <string>3334</string>
                <key>children</key>
                <array>
                    <string>3335</string>
                </array>
            </dict>
            <dict>
                <key>id</key>
                <string>3343</string>
                <key>children</key>
                <array>
                    <string>3344</string>
                </array>
            </dict>
            <dict>
                <key>id</key>
                <string>3352</string>
                <key>children</key>
                <array>
                    <string>3353</string>
                </array>
            </dict>
            <dict>
                <key>id</key>
                <string>3361</string>
                <key>children</key>
                <array>
                    <string>3362</string>
                </array>
            </dict>
            <dict>
                <key>id</key>
                <string>3497</string>
                <key>children</key>
                <array>
                    <string>3498</string>
                </array>
            </dict>
            <dict>
                <key>id</key>
                <string>3507</string>
                <key>children</key>
                <array>
                    <string>3508</string>
                </array>
            </dict>
            <dict>
                <key>id</key>
                <string>3516</string>
                <key>children</key>
                <array>
                    <string>3517</string>
                </array>
            </dict>
            <dict>
                <key>id</key>
                <string>3525</string>
                <key>children</key>
                <array>
                    <string>3526</string>
                </array>
            </dict>
            <dict>
                <key>id</key>
                <string>3534</string>
                <key>children</key>
                <array>
                    <string>3535</string>
                </array>
            </dict>
            <dict>
                <key>id</key>
                <string>3543</string>
                <key>children</key>
                <array>
                    <string>3544</string>
                </array>
            </dict>
            <dict>
                <key>id</key>
                <string>3559</string>
                <key>children</key>
                <array>
                    <string>3560</string>
                </array>
            </dict>
            <dict>
                <key>id</key>
                <string>3579</string>
                <key>children</key>
                <array>
                    <string>3580</string>
                </array>
            </dict>
            <dict>
                <key>id</key>
                <string>3588</string>
                <key>children</key>
                <array>
                    <string>3589</string>
                </array>
            </dict>
            <dict>
                <key>id</key>
                <string>3598</string>
                <key>children</key>
                <array>
                    <string>3599</string>
                </array>
            </dict>
            <dict>
                <key>id</key>
                <string>3628</string>
                <key>children</key>
                <array>
                    <string>3629</string>
                </array>
            </dict>
            <dict>
                <key>id</key>
                <string>3908</string>
                <key>children</key>
                <array>
                    <string>3909</string>
                </array>
            </dict>
            <dict>
                <key>id</key>
                <string>4002</string>
                <key>children</key>
                <array>
                    <string>4003</string>
                </array>
            </dict>
            <dict>
                <key>id</key>
                <string>4071</string>
                <key>children</key>
                <array>
                    <string>4072</string>
                </array>
            </dict>
            <dict>
                <key>id</key>
                <string>4080</string>
                <key>children</key>
                <array>
                    <string>4081</string>
                </array>
            </dict>
            <dict>
                <key>id</key>
                <string>4132</string>
                <key>children</key>
                <array>
                    <string>4133</string>
                </array>
            </dict>
            <dict>
                <key>id</key>
                <string>4258</string>
                <key>children</key>
                <array>
                    <string>4259</string>
                </array>
            </dict>
            <dict>
                <key>id</key>
                <string>4267</string>
                <key>children</key>
                <array>
                    <string>4268</string>
                </array>
            </dict>
            <dict>
                <key>id</key>
                <string>4276</string>
                <key>children</key>
                <array>
                    <string>4277</string>
                </array>
            </dict>
            <dict>
                <key>id</key>
                <string>4285</string>
                <key>children</key>
                <array>
                    <string>4286</string>
                </array>
            </dict>
            <dict>
                <key>id</key>
                <string>4294</string>
                <key>children</key>
                <array>
                    <string>4295</string>
                </array>
            </dict>
            <dict>
                <key>id</key>
                <string>4303</string>
                <key>children</key>
                <array>
                    <string>4304</string>
                </array>
            </dict>
            <dict>
                <key>id</key>
                <string>4351</string>
                <key>children</key>
                <array>
                    <string>4352</string>
                </array>
            </dict>
            <dict>
                <key>id</key>
                <string>4415</string>
                <key>children</key>
                <array>
                    <string>4416</string>
                </array>
            </dict>
            <dict>
                <key>id</key>
                <string>4424</string>
                <key>children</key>
                <array>
                    <string>4425</string>
                </array>
            </dict>
        </array>
    </dict>
</plist>
