<?xml version="1.0" encoding="UTF-8"?>
<!DOCTYPE plist PUBLIC "-//Apple//DTD PLIST 1.0//EN" "http://www.apple.com/DTDs/PropertyList-1.0.dtd"/>

<plist version="1.0">
    <dict>
        <key>ROOT</key>
        <array>
            <dict>
                <key>id</key>
                <string>1686</string>
                <key>Idle Animation</key>
                <dict>
                    <key>value</key>
                    <string>1688</string>
                </dict>
            </dict>
            <dict>
                <key>id</key>
                <string>1789</string>
                <key>Idle Animation</key>
                <dict>
                    <key>value</key>
                    <string>1791</string>
                </dict>
            </dict>
            <dict>
                <key>id</key>
                <string>2048</string>
                <key>Idle Animation</key>
                <dict>
                    <key>value</key>
                    <string>2050</string>
                </dict>
            </dict>
            <dict>
                <key>id</key>
                <string>2238</string>
                <key>Idle Animation</key>
                <dict>
                    <key>value</key>
                    <string>2240</string>
                </dict>
                <key>Defeated Animation</key>
                <dict>
                    <key>value</key>
                    <string>2269</string>
                </dict>
                <key>components</key>
                <array>
                    <string>2383</string>
                </array>
            </dict>
            <dict>
                <key>id</key>
                <string>2320</string>
                <key>Idle Animation</key>
                <dict>
                    <key>value</key>
                    <string>2322</string>
                </dict>
            </dict>
            <dict>
                <key>id</key>
                <string>2407</string>
                <key>Idle Animation</key>
                <dict>
                    <key>value</key>
                    <string>2409</string>
                </dict>
            </dict>
            <dict>
                <key>id</key>
                <string>2418</string>
                <key>Idle Animation</key>
                <dict>
                    <key>value</key>
                    <string>2420</string>
                </dict>
            </dict>
            <dict>
                <key>id</key>
                <string>2537</string>
                <key>Idle Animation</key>
                <dict>
                    <key>value</key>
                    <string>2539</string>
                </dict>
            </dict>
            <dict>
                <key>id</key>
                <string>2566</string>
                <key>Idle Animation</key>
                <dict>
                    <key>value</key>
                    <string>2568</string>
                </dict>
            </dict>
            <dict>
                <key>id</key>
                <string>2577</string>
                <key>Idle Animation</key>
                <dict>
                    <key>value</key>
                    <string>2579</string>
                </dict>
            </dict>
            <dict>
                <key>id</key>
                <string>2625</string>
                <key>Idle Animation</key>
                <dict>
                    <key>value</key>
                    <string>2627</string>
                </dict>
            </dict>
            <dict>
                <key>id</key>
                <string>2831</string>
                <key>Idle Animation</key>
                <dict>
                    <key>value</key>
                    <string>2833</string>
                </dict>
            </dict>
            <dict>
                <key>id</key>
                <string>3265</string>
                <key>Idle Animation</key>
                <dict>
                    <key>value</key>
                    <string>3267</string>
                </dict>
            </dict>
            <dict>
                <key>id</key>
                <string>3557</string>
                <key>Idle Animation</key>
                <dict>
                    <key>value</key>
                    <string>3559</string>
                </dict>
            </dict>
            <dict>
                <key>id</key>
                <string>3596</string>
                <key>Idle Animation</key>
                <dict>
                    <key>value</key>
                    <string>3598</string>
                </dict>
            </dict>
            <dict>
                <key>id</key>
                <string>3626</string>
                <key>Idle Animation</key>
                <dict>
                    <key>value</key>
                    <string>3628</string>
                </dict>
            </dict>
            <dict>
                <key>id</key>
                <string>3906</string>
                <key>Idle Animation</key>
                <dict>
                    <key>value</key>
                    <string>3908</string>
                </dict>
            </dict>
        </array>
    </dict>
</plist>
