<?xml version="1.0" encoding="UTF-8"?>
<!DOCTYPE plist PUBLIC "-//Apple//DTD PLIST 1.0//EN" "http://www.apple.com/DTDs/PropertyList-1.0.dtd"/>

<plist version="1.0">
    <dict>
        <key>ROOT</key>
        <array>
            <dict>
                <key>id</key>
                <string>1382</string>
            </dict>
            <dict>
                <key>id</key>
                <string>1574</string>
                <key>Image</key>
                <dict>
                    <key>value</key>
                    <string>1575</string>
                </dict>
            </dict>
            <dict>
                <key>id</key>
                <string>1587</string>
                <key>Image</key>
                <dict>
                    <key>value</key>
                    <string>1588</string>
                </dict>
            </dict>
            <dict>
                <key>id</key>
                <string>1596</string>
                <key>Image</key>
                <dict>
                    <key>value</key>
                    <string>1588</string>
                </dict>
            </dict>
            <dict>
                <key>id</key>
                <string>1614</string>
                <key>Image</key>
                <dict>
                    <key>value</key>
                    <string>1612</string>
                </dict>
            </dict>
            <dict>
                <key>id</key>
                <string>1617</string>
                <key>Image</key>
                <dict>
                    <key>value</key>
                    <string>1615</string>
                </dict>
            </dict>
            <dict>
                <key>id</key>
                <string>1620</string>
                <key>Image</key>
                <dict>
                    <key>value</key>
                    <string>1618</string>
                </dict>
            </dict>
            <dict>
                <key>id</key>
                <string>1658</string>
                <key>Image</key>
                <dict>
                    <key>value</key>
                    <string>1575</string>
                </dict>
            </dict>
            <dict>
                <key>id</key>
                <string>1661</string>
                <key>Image</key>
                <dict>
                    <key>value</key>
                    <string>1659</string>
                </dict>
            </dict>
            <dict>
                <key>id</key>
                <string>1664</string>
                <key>Image</key>
                <dict>
                    <key>value</key>
                    <string>1662</string>
                </dict>
            </dict>
            <dict>
                <key>id</key>
                <string>1665</string>
                <key>Image</key>
                <dict>
                    <key>value</key>
                    <string>1588</string>
                </dict>
            </dict>
            <dict>
                <key>id</key>
                <string>4044</string>
            </dict>
            <dict>
                <key>id</key>
                <string>4046</string>
                <key>Image</key>
                <dict>
                    <key>value</key>
                    <string>4047</string>
                </dict>
            </dict>
            <dict>
                <key>id</key>
                <string>4061</string>
            </dict>
            <dict>
                <key>id</key>
                <string>4063</string>
                <key>Image</key>
                <dict>
                    <key>value</key>
                    <string>4064</string>
                </dict>
            </dict>
        </array>
    </dict>
</plist>
