<?xml version="1.0" encoding="UTF-8"?>
<!DOCTYPE plist PUBLIC "-//Apple//DTD PLIST 1.0//EN" "http://www.apple.com/DTDs/PropertyList-1.0.dtd"/>

<plist version="1.0">
    <dict>
        <key>ROOT</key>
        <array>
            <dict>
                <key>id</key>
                <string>1958</string>
            </dict>
            <dict>
                <key>id</key>
                <string>1967</string>
            </dict>
            <dict>
                <key>id</key>
                <string>1976</string>
            </dict>
            <dict>
                <key>id</key>
                <string>1992</string>
            </dict>
            <dict>
                <key>id</key>
                <string>2001</string>
            </dict>
            <dict>
                <key>id</key>
                <string>2022</string>
            </dict>
            <dict>
                <key>id</key>
                <string>2041</string>
            </dict>
            <dict>
                <key>id</key>
                <string>2093</string>
            </dict>
            <dict>
                <key>id</key>
                <string>2106</string>
            </dict>
            <dict>
                <key>id</key>
                <string>2140</string>
            </dict>
            <dict>
                <key>id</key>
                <string>2207</string>
            </dict>
            <dict>
                <key>id</key>
                <string>2235</string>
            </dict>
            <dict>
                <key>id</key>
                <string>2308</string>
            </dict>
            <dict>
                <key>id</key>
                <string>2317</string>
            </dict>
            <dict>
                <key>id</key>
                <string>2337</string>
            </dict>
            <dict>
                <key>id</key>
                <string>2346</string>
            </dict>
            <dict>
                <key>id</key>
                <string>2355</string>
            </dict>
            <dict>
                <key>id</key>
                <string>2364</string>
            </dict>
            <dict>
                <key>id</key>
                <string>2373</string>
            </dict>
            <dict>
                <key>id</key>
                <string>2382</string>
            </dict>
            <dict>
                <key>id</key>
                <string>2435</string>
            </dict>
            <dict>
                <key>id</key>
                <string>2444</string>
            </dict>
            <dict>
                <key>id</key>
                <string>2453</string>
            </dict>
            <dict>
                <key>id</key>
                <string>2462</string>
            </dict>
            <dict>
                <key>id</key>
                <string>2471</string>
            </dict>
            <dict>
                <key>id</key>
                <string>2480</string>
            </dict>
            <dict>
                <key>id</key>
                <string>2489</string>
            </dict>
            <dict>
                <key>id</key>
                <string>2498</string>
            </dict>
            <dict>
                <key>id</key>
                <string>2507</string>
            </dict>
            <dict>
                <key>id</key>
                <string>2516</string>
            </dict>
            <dict>
                <key>id</key>
                <string>2525</string>
            </dict>
            <dict>
                <key>id</key>
                <string>2534</string>
            </dict>
            <dict>
                <key>id</key>
                <string>2594</string>
            </dict>
            <dict>
                <key>id</key>
                <string>2652</string>
            </dict>
            <dict>
                <key>id</key>
                <string>2661</string>
            </dict>
            <dict>
                <key>id</key>
                <string>2670</string>
            </dict>
            <dict>
                <key>id</key>
                <string>2679</string>
            </dict>
            <dict>
                <key>id</key>
                <string>2688</string>
            </dict>
            <dict>
                <key>id</key>
                <string>2697</string>
            </dict>
            <dict>
                <key>id</key>
                <string>2706</string>
            </dict>
            <dict>
                <key>id</key>
                <string>2740</string>
            </dict>
            <dict>
                <key>id</key>
                <string>2774</string>
            </dict>
            <dict>
                <key>id</key>
                <string>2793</string>
            </dict>
            <dict>
                <key>id</key>
                <string>2802</string>
            </dict>
            <dict>
                <key>id</key>
                <string>2857</string>
            </dict>
            <dict>
                <key>id</key>
                <string>2866</string>
            </dict>
            <dict>
                <key>id</key>
                <string>2875</string>
            </dict>
            <dict>
                <key>id</key>
                <string>2936</string>
            </dict>
            <dict>
                <key>id</key>
                <string>2951</string>
            </dict>
            <dict>
                <key>id</key>
                <string>2960</string>
            </dict>
            <dict>
                <key>id</key>
                <string>2983</string>
            </dict>
            <dict>
                <key>id</key>
                <string>2992</string>
            </dict>
            <dict>
                <key>id</key>
                <string>3022</string>
            </dict>
            <dict>
                <key>id</key>
                <string>3051</string>
            </dict>
            <dict>
                <key>id</key>
                <string>3060</string>
            </dict>
            <dict>
                <key>id</key>
                <string>3069</string>
            </dict>
            <dict>
                <key>id</key>
                <string>3119</string>
            </dict>
            <dict>
                <key>id</key>
                <string>3131</string>
            </dict>
            <dict>
                <key>id</key>
                <string>3141</string>
            </dict>
            <dict>
                <key>id</key>
                <string>3150</string>
            </dict>
            <dict>
                <key>id</key>
                <string>3159</string>
            </dict>
            <dict>
                <key>id</key>
                <string>3168</string>
            </dict>
            <dict>
                <key>id</key>
                <string>3177</string>
            </dict>
            <dict>
                <key>id</key>
                <string>3186</string>
            </dict>
            <dict>
                <key>id</key>
                <string>3195</string>
            </dict>
            <dict>
                <key>id</key>
                <string>3204</string>
            </dict>
            <dict>
                <key>id</key>
                <string>3213</string>
            </dict>
            <dict>
                <key>id</key>
                <string>3222</string>
            </dict>
            <dict>
                <key>id</key>
                <string>3231</string>
            </dict>
            <dict>
                <key>id</key>
                <string>3240</string>
            </dict>
            <dict>
                <key>id</key>
                <string>3249</string>
            </dict>
            <dict>
                <key>id</key>
                <string>3282</string>
            </dict>
            <dict>
                <key>id</key>
                <string>3291</string>
            </dict>
            <dict>
                <key>id</key>
                <string>3300</string>
            </dict>
            <dict>
                <key>id</key>
                <string>3330</string>
            </dict>
            <dict>
                <key>id</key>
                <string>3339</string>
            </dict>
            <dict>
                <key>id</key>
                <string>3348</string>
            </dict>
            <dict>
                <key>id</key>
                <string>3357</string>
            </dict>
            <dict>
                <key>id</key>
                <string>3366</string>
            </dict>
            <dict>
                <key>id</key>
                <string>3502</string>
            </dict>
            <dict>
                <key>id</key>
                <string>3512</string>
            </dict>
            <dict>
                <key>id</key>
                <string>3521</string>
            </dict>
            <dict>
                <key>id</key>
                <string>3530</string>
            </dict>
            <dict>
                <key>id</key>
                <string>3539</string>
            </dict>
            <dict>
                <key>id</key>
                <string>3548</string>
            </dict>
            <dict>
                <key>id</key>
                <string>3584</string>
            </dict>
            <dict>
                <key>id</key>
                <string>3593</string>
            </dict>
            <dict>
                <key>id</key>
                <string>4007</string>
            </dict>
            <dict>
                <key>id</key>
                <string>4076</string>
            </dict>
            <dict>
                <key>id</key>
                <string>4085</string>
            </dict>
            <dict>
                <key>id</key>
                <string>4263</string>
            </dict>
            <dict>
                <key>id</key>
                <string>4272</string>
            </dict>
            <dict>
                <key>id</key>
                <string>4281</string>
            </dict>
            <dict>
                <key>id</key>
                <string>4290</string>
            </dict>
            <dict>
                <key>id</key>
                <string>4299</string>
            </dict>
            <dict>
                <key>id</key>
                <string>4308</string>
            </dict>
            <dict>
                <key>id</key>
                <string>4356</string>
            </dict>
            <dict>
                <key>id</key>
                <string>4420</string>
            </dict>
            <dict>
                <key>id</key>
                <string>4429</string>
            </dict>
        </array>
    </dict>
</plist>
