<?xml version="1.0" encoding="UTF-8"?>
<!DOCTYPE plist PUBLIC "-//Apple//DTD PLIST 1.0//EN" "http://www.apple.com/DTDs/PropertyList-1.0.dtd"/>

<plist version="1.0">
    <dict>
        <key>ROOT</key>
        <array>
            <dict>
                <key>id</key>
                <string>217</string>
                <key>Emitters</key>
                <dict>
                    <key>emitters</key>
                    <array>
                        <string>221</string>
                    </array>
                </dict>
            </dict>
            <dict>
                <key>id</key>
                <string>231</string>
                <key>Emitters</key>
                <dict>
                    <key>emitters</key>
                    <array>
                        <string>233</string>
                    </array>
                </dict>
            </dict>
            <dict>
                <key>id</key>
                <string>584</string>
                <key>Emitters</key>
                <dict>
                    <key>emitters</key>
                    <array>
                        <string>586</string>
                    </array>
                </dict>
            </dict>
            <dict>
                <key>id</key>
                <string>945</string>
                <key>Emitters</key>
                <dict>
                    <key>emitters</key>
                    <array>
                        <string>947</string>
                    </array>
                </dict>
            </dict>
            <dict>
                <key>id</key>
                <string>951</string>
                <key>Emitters</key>
                <dict>
                    <key>emitters</key>
                    <array>
                        <string>953</string>
                        <string>956</string>
                    </array>
                </dict>
            </dict>
            <dict>
                <key>id</key>
                <string>984</string>
                <key>Emitters</key>
                <dict>
                    <key>emitters</key>
                    <array>
                        <string>990</string>
                    </array>
                </dict>
            </dict>
            <dict>
                <key>id</key>
                <string>1047</string>
                <key>Emitters</key>
                <dict>
                    <key>emitters</key>
                    <array>
                        <string>1049</string>
                    </array>
                </dict>
            </dict>
            <dict>
                <key>id</key>
                <string>1251</string>
                <key>Emitters</key>
                <dict>
                    <key>emitters</key>
                    <array>
                        <string>1253</string>
                    </array>
                </dict>
            </dict>
            <dict>
                <key>id</key>
                <string>1317</string>
                <key>Emitters</key>
                <dict>
                    <key>emitters</key>
                    <array>
                        <string>1319</string>
                        <string>1320</string>
                    </array>
                </dict>
            </dict>
            <dict>
                <key>id</key>
                <string>3078</string>
                <key>Emitters</key>
                <dict>
                    <key>emitters</key>
                    <array>
                        <string>3080</string>
                    </array>
                </dict>
            </dict>
            <dict>
                <key>id</key>
                <string>3084</string>
                <key>Emitters</key>
                <dict>
                    <key>emitters</key>
                    <array>
                        <string>3086</string>
                    </array>
                </dict>
            </dict>
            <dict>
                <key>id</key>
                <string>3090</string>
                <key>Emitters</key>
                <dict>
                    <key>emitters</key>
                    <array>
                        <string>3092</string>
                    </array>
                </dict>
            </dict>
            <dict>
                <key>id</key>
                <string>3096</string>
                <key>Emitters</key>
                <dict>
                    <key>emitters</key>
                    <array>
                        <string>3098</string>
                    </array>
                </dict>
            </dict>
            <dict>
                <key>id</key>
                <string>3102</string>
                <key>Emitters</key>
                <dict>
                    <key>emitters</key>
                    <array>
                        <string>3104</string>
                    </array>
                </dict>
            </dict>
            <dict>
                <key>id</key>
                <string>3108</string>
                <key>Emitters</key>
                <dict>
                    <key>emitters</key>
                    <array>
                        <string>3110</string>
                    </array>
                </dict>
            </dict>
            <dict>
                <key>id</key>
                <string>3664</string>
                <key>Emitters</key>
                <dict>
                    <key>emitters</key>
                    <array>
                        <string>3666</string>
                    </array>
                </dict>
            </dict>
            <dict>
                <key>id</key>
                <string>3670</string>
                <key>Emitters</key>
                <dict>
                    <key>emitters</key>
                    <array>
                        <string>3672</string>
                    </array>
                </dict>
            </dict>
            <dict>
                <key>id</key>
                <string>3676</string>
                <key>Emitters</key>
                <dict>
                    <key>emitters</key>
                    <array>
                        <string>3678</string>
                    </array>
                </dict>
            </dict>
            <dict>
                <key>id</key>
                <string>3682</string>
                <key>Emitters</key>
                <dict>
                    <key>emitters</key>
                    <array>
                        <string>3684</string>
                    </array>
                </dict>
            </dict>
            <dict>
                <key>id</key>
                <string>3688</string>
                <key>Emitters</key>
                <dict>
                    <key>emitters</key>
                    <array>
                        <string>3690</string>
                    </array>
                </dict>
            </dict>
            <dict>
                <key>id</key>
                <string>3694</string>
                <key>Emitters</key>
                <dict>
                    <key>emitters</key>
                    <array>
                        <string>3696</string>
                    </array>
                </dict>
            </dict>
            <dict>
                <key>id</key>
                <string>3700</string>
                <key>Emitters</key>
                <dict>
                    <key>emitters</key>
                    <array>
                        <string>3702</string>
                    </array>
                </dict>
            </dict>
            <dict>
                <key>id</key>
                <string>3706</string>
                <key>Emitters</key>
                <dict>
                    <key>emitters</key>
                    <array>
                        <string>3708</string>
                    </array>
                </dict>
            </dict>
        </array>
    </dict>
</plist>
