<?xml version="1.0" encoding="UTF-8"?>
<!DOCTYPE plist PUBLIC "-//Apple//DTD PLIST 1.0//EN" "http://www.apple.com/DTDs/PropertyList-1.0.dtd"/>

<plist version="1.0">
    <dict>
        <key>ROOT</key>
        <array>
            <dict>
                <key>id</key>
                <string>105</string>
                <key>className</key>
                <string>PTModelSpriteContainer</string>
                <key>Name</key>
                <dict>
                    <key>value</key>
                    <string>Background</string>
                </dict>
                <key>duration</key>
                <string>0.033333</string>
                <key>animationSpeed</key>
                <string>1.000000</string>
            </dict>
            <dict>
                <key>id</key>
                <string>109</string>
                <key>className</key>
                <string>PTModelSpriteContainer</string>
                <key>Name</key>
                <dict>
                    <key>value</key>
                    <string>Character</string>
                </dict>
                <key>duration</key>
                <string>0.033333</string>
                <key>animationSpeed</key>
                <string>1.000000</string>
            </dict>
            <dict>
                <key>id</key>
                <string>120</string>
                <key>className</key>
                <string>PTModelSpriteContainer</string>
                <key>Name</key>
                <dict>
                    <key>value</key>
                    <string>DarkClouds</string>
                </dict>
                <key>duration</key>
                <string>0.033333</string>
                <key>animationSpeed</key>
                <string>1.000000</string>
            </dict>
            <dict>
                <key>id</key>
                <string>150</string>
                <key>className</key>
                <string>PTModelSpriteContainer</string>
                <key>Name</key>
                <dict>
                    <key>value</key>
                    <string>Character</string>
                </dict>
                <key>duration</key>
                <string>0.033333</string>
                <key>animationSpeed</key>
                <string>1.000000</string>
            </dict>
            <dict>
                <key>id</key>
                <string>341</string>
                <key>className</key>
                <string>PTModelSpriteContainer</string>
                <key>Name</key>
                <dict>
                    <key>value</key>
                    <string>Enemy</string>
                </dict>
                <key>duration</key>
                <string>0.033333</string>
                <key>animationSpeed</key>
                <string>1.000000</string>
            </dict>
            <dict>
                <key>id</key>
                <string>441</string>
                <key>className</key>
                <string>PTModelSpriteContainer</string>
                <key>Name</key>
                <dict>
                    <key>value</key>
                    <string>Platform</string>
                </dict>
                <key>duration</key>
                <string>0.033333</string>
                <key>animationSpeed</key>
                <string>1.000000</string>
            </dict>
            <dict>
                <key>id</key>
                <string>991</string>
                <key>className</key>
                <string>PTModelSpriteContainer</string>
                <key>Name</key>
                <dict>
                    <key>value</key>
                    <string>Particle</string>
                </dict>
                <key>duration</key>
                <string>0.033333</string>
                <key>animationSpeed</key>
                <string>1.000000</string>
            </dict>
            <dict>
                <key>id</key>
                <string>1042</string>
                <key>className</key>
                <string>PTModelSpriteContainer</string>
                <key>Name</key>
                <dict>
                    <key>value</key>
                    <string>icon_add_locator@2x</string>
                </dict>
                <key>duration</key>
                <string>0.033333</string>
                <key>animationSpeed</key>
                <string>1.000000</string>
            </dict>
            <dict>
                <key>id</key>
                <string>1050</string>
                <key>className</key>
                <string>PTModelSpriteContainer</string>
                <key>Name</key>
                <dict>
                    <key>value</key>
                    <string>Particle</string>
                </dict>
                <key>duration</key>
                <string>0.033333</string>
                <key>animationSpeed</key>
                <string>1.000000</string>
            </dict>
            <dict>
                <key>id</key>
                <string>1186</string>
                <key>className</key>
                <string>PTModelSpriteContainer</string>
                <key>Name</key>
                <dict>
                    <key>value</key>
                    <string>Coins</string>
                </dict>
                <key>duration</key>
                <string>0.033333</string>
                <key>animationSpeed</key>
                <string>1.000000</string>
            </dict>
            <dict>
                <key>id</key>
                <string>1572</string>
                <key>className</key>
                <string>PTModelSpriteContainer</string>
                <key>Name</key>
                <dict>
                    <key>value</key>
                    <string>UI Background</string>
                </dict>
                <key>duration</key>
                <string>0.033333</string>
                <key>animationSpeed</key>
                <string>1.000000</string>
            </dict>
            <dict>
                <key>id</key>
                <string>1575</string>
                <key>className</key>
                <string>PTModelSpriteContainer</string>
                <key>Name</key>
                <dict>
                    <key>value</key>
                    <string>Start Button</string>
                </dict>
                <key>duration</key>
                <string>0.033333</string>
                <key>animationSpeed</key>
                <string>1.000000</string>
            </dict>
            <dict>
                <key>id</key>
                <string>1588</string>
                <key>className</key>
                <string>PTModelSpriteContainer</string>
                <key>Name</key>
                <dict>
                    <key>value</key>
                    <string>Back Button</string>
                </dict>
                <key>duration</key>
                <string>0.033333</string>
                <key>animationSpeed</key>
                <string>1.000000</string>
            </dict>
            <dict>
                <key>id</key>
                <string>1603</string>
                <key>className</key>
                <string>PTModelSpriteContainer</string>
                <key>Name</key>
                <dict>
                    <key>value</key>
                    <string>World Select Logo</string>
                </dict>
                <key>duration</key>
                <string>0.033333</string>
                <key>animationSpeed</key>
                <string>1.000000</string>
            </dict>
            <dict>
                <key>id</key>
                <string>1609</string>
                <key>className</key>
                <string>PTModelSpriteContainer</string>
                <key>Name</key>
                <dict>
                    <key>value</key>
                    <string>Pause Logo</string>
                </dict>
                <key>duration</key>
                <string>0.033333</string>
                <key>animationSpeed</key>
                <string>1.000000</string>
            </dict>
            <dict>
                <key>id</key>
                <string>1612</string>
                <key>className</key>
                <string>PTModelSpriteContainer</string>
                <key>Name</key>
                <dict>
                    <key>value</key>
                    <string>Continue Button</string>
                </dict>
                <key>duration</key>
                <string>0.033333</string>
                <key>animationSpeed</key>
                <string>1.000000</string>
            </dict>
            <dict>
                <key>id</key>
                <string>1615</string>
                <key>className</key>
                <string>PTModelSpriteContainer</string>
                <key>Name</key>
                <dict>
                    <key>value</key>
                    <string>World Select Button</string>
                </dict>
                <key>duration</key>
                <string>0.033333</string>
                <key>animationSpeed</key>
                <string>1.000000</string>
            </dict>
            <dict>
                <key>id</key>
                <string>1618</string>
                <key>className</key>
                <string>PTModelSpriteContainer</string>
                <key>Name</key>
                <dict>
                    <key>value</key>
                    <string>Main Menu Button</string>
                </dict>
                <key>duration</key>
                <string>0.033333</string>
                <key>animationSpeed</key>
                <string>1.000000</string>
            </dict>
            <dict>
                <key>id</key>
                <string>1659</string>
                <key>className</key>
                <string>PTModelSpriteContainer</string>
                <key>Name</key>
                <dict>
                    <key>value</key>
                    <string>World 1 Button</string>
                </dict>
                <key>duration</key>
                <string>0.033333</string>
                <key>animationSpeed</key>
                <string>1.000000</string>
            </dict>
            <dict>
                <key>id</key>
                <string>1662</string>
                <key>className</key>
                <string>PTModelSpriteContainer</string>
                <key>Name</key>
                <dict>
                    <key>value</key>
                    <string>World 2 Button</string>
                </dict>
                <key>duration</key>
                <string>0.033333</string>
                <key>animationSpeed</key>
                <string>1.000000</string>
            </dict>
            <dict>
                <key>id</key>
                <string>1680</string>
                <key>className</key>
                <string>PTModelSpriteContainer</string>
                <key>Name</key>
                <dict>
                    <key>value</key>
                    <string>BG</string>
                </dict>
                <key>duration</key>
                <string>0.033333</string>
                <key>animationSpeed</key>
                <string>1.000000</string>
            </dict>
            <dict>
                <key>id</key>
                <string>1684</string>
                <key>className</key>
                <string>PTModelSpriteContainer</string>
                <key>Name</key>
                <dict>
                    <key>value</key>
                    <string>14</string>
                </dict>
                <key>duration</key>
                <string>0.033333</string>
                <key>animationSpeed</key>
                <string>1.000000</string>
            </dict>
            <dict>
                <key>id</key>
                <string>1714</string>
                <key>className</key>
                <string>PTModelSpriteContainer</string>
                <key>Name</key>
                <dict>
                    <key>value</key>
                    <string>Idle__009</string>
                </dict>
                <key>duration</key>
                <string>0.300000</string>
                <key>animationSpeed</key>
                <string>1.000000</string>
            </dict>
            <dict>
                <key>id</key>
                <string>1787</string>
                <key>className</key>
                <string>PTModelSpriteContainer</string>
                <key>Name</key>
                <dict>
                    <key>value</key>
                    <string>Crate</string>
                </dict>
                <key>duration</key>
                <string>0.033333</string>
                <key>animationSpeed</key>
                <string>1.000000</string>
            </dict>
            <dict>
                <key>id</key>
                <string>1924</string>
                <key>className</key>
                <string>PTModelSpriteContainer</string>
                <key>Name</key>
                <dict>
                    <key>value</key>
                    <string>Glide_001</string>
                </dict>
                <key>duration</key>
                <string>0.333333</string>
                <key>animationSpeed</key>
                <string>1.000000</string>
            </dict>
            <dict>
                <key>id</key>
                <string>2046</string>
                <key>className</key>
                <string>PTModelSpriteContainer</string>
                <key>Name</key>
                <dict>
                    <key>value</key>
                    <string>Kunai</string>
                </dict>
                <key>duration</key>
                <string>0.033333</string>
                <key>animationSpeed</key>
                <string>1.000000</string>
            </dict>
            <dict>
                <key>id</key>
                <string>2057</string>
                <key>className</key>
                <string>PTModelSpriteContainer</string>
                <key>Name</key>
                <dict>
                    <key>value</key>
                    <string>Attack__009</string>
                </dict>
                <key>duration</key>
                <string>0.333333</string>
                <key>animationSpeed</key>
                <string>1.000000</string>
            </dict>
            <dict>
                <key>id</key>
                <string>2107</string>
                <key>className</key>
                <string>PTModelSpriteContainer</string>
                <key>Name</key>
                <dict>
                    <key>value</key>
                    <string>Run__009</string>
                </dict>
                <key>duration</key>
                <string>0.333333</string>
                <key>animationSpeed</key>
                <string>1.000000</string>
            </dict>
            <dict>
                <key>id</key>
                <string>2149</string>
                <key>className</key>
                <string>PTModelSpriteContainer</string>
                <key>Name</key>
                <dict>
                    <key>value</key>
                    <string>Jump__009</string>
                </dict>
                <key>duration</key>
                <string>0.333333</string>
                <key>animationSpeed</key>
                <string>1.000000</string>
            </dict>
            <dict>
                <key>id</key>
                <string>2174</string>
                <key>className</key>
                <string>PTModelSpriteContainer</string>
                <key>Name</key>
                <dict>
                    <key>value</key>
                    <string>Dead__009</string>
                </dict>
                <key>duration</key>
                <string>0.333333</string>
                <key>animationSpeed</key>
                <string>1.000000</string>
            </dict>
            <dict>
                <key>id</key>
                <string>2247</string>
                <key>className</key>
                <string>PTModelSpriteContainer</string>
                <key>Name</key>
                <dict>
                    <key>value</key>
                    <string>Dead (10)</string>
                </dict>
                <key>duration</key>
                <string>0.333333</string>
                <key>animationSpeed</key>
                <string>1.000000</string>
            </dict>
            <dict>
                <key>id</key>
                <string>2273</string>
                <key>className</key>
                <string>PTModelSpriteContainer</string>
                <key>Name</key>
                <dict>
                    <key>value</key>
                    <string>Idle (10)</string>
                </dict>
                <key>duration</key>
                <string>0.333333</string>
                <key>animationSpeed</key>
                <string>1.000000</string>
            </dict>
            <dict>
                <key>id</key>
                <string>2318</string>
                <key>className</key>
                <string>PTModelSpriteContainer</string>
                <key>Name</key>
                <dict>
                    <key>value</key>
                    <string>Stone</string>
                </dict>
                <key>duration</key>
                <string>0.033333</string>
                <key>animationSpeed</key>
                <string>1.000000</string>
            </dict>
            <dict>
                <key>id</key>
                <string>2405</string>
                <key>className</key>
                <string>PTModelSpriteContainer</string>
                <key>Name</key>
                <dict>
                    <key>value</key>
                    <string>waterAnimation4</string>
                </dict>
                <key>duration</key>
                <string>0.033333</string>
                <key>animationSpeed</key>
                <string>1.000000</string>
            </dict>
            <dict>
                <key>id</key>
                <string>2416</string>
                <key>className</key>
                <string>PTModelSpriteContainer</string>
                <key>Name</key>
                <dict>
                    <key>value</key>
                    <string>Boat Shop</string>
                </dict>
                <key>duration</key>
                <string>0.033333</string>
                <key>animationSpeed</key>
                <string>1.000000</string>
            </dict>
            <dict>
                <key>id</key>
                <string>2535</string>
                <key>className</key>
                <string>PTModelSpriteContainer</string>
                <key>Name</key>
                <dict>
                    <key>value</key>
                    <string>Bush (4)</string>
                </dict>
                <key>duration</key>
                <string>0.033333</string>
                <key>animationSpeed</key>
                <string>1.000000</string>
            </dict>
            <dict>
                <key>id</key>
                <string>2556</string>
                <key>className</key>
                <string>PTModelSpriteContainer</string>
                <key>Name</key>
                <dict>
                    <key>value</key>
                    <string>Idle (1)</string>
                </dict>
                <key>duration</key>
                <string>0.300000</string>
                <key>animationSpeed</key>
                <string>1.000000</string>
            </dict>
            <dict>
                <key>id</key>
                <string>2575</string>
                <key>className</key>
                <string>PTModelSpriteContainer</string>
                <key>Name</key>
                <dict>
                    <key>value</key>
                    <string>fire_prev (1)</string>
                </dict>
                <key>duration</key>
                <string>0.033333</string>
                <key>animationSpeed</key>
                <string>1.000000</string>
            </dict>
            <dict>
                <key>id</key>
                <string>2616</string>
                <key>className</key>
                <string>PTModelSpriteContainer</string>
                <key>Name</key>
                <dict>
                    <key>value</key>
                    <string>Hurt (1)</string>
                </dict>
                <key>duration</key>
                <string>0.266667</string>
                <key>animationSpeed</key>
                <string>1.000000</string>
            </dict>
            <dict>
                <key>id</key>
                <string>2828</string>
                <key>className</key>
                <string>PTModelSpriteContainer</string>
                <key>Name</key>
                <dict>
                    <key>value</key>
                    <string>Tree_3</string>
                </dict>
                <key>duration</key>
                <string>0.033333</string>
                <key>animationSpeed</key>
                <string>1.000000</string>
            </dict>
            <dict>
                <key>id</key>
                <string>3073</string>
                <key>className</key>
                <string>PTModelSpriteContainer</string>
                <key>Name</key>
                <dict>
                    <key>value</key>
                    <string>Emitter</string>
                </dict>
                <key>duration</key>
                <string>0.033333</string>
                <key>animationSpeed</key>
                <string>1.000000</string>
            </dict>
            <dict>
                <key>id</key>
                <string>3250</string>
                <key>className</key>
                <string>PTModelSpriteContainer</string>
                <key>Name</key>
                <dict>
                    <key>value</key>
                    <string>coin48</string>
                </dict>
                <key>duration</key>
                <string>0.033333</string>
                <key>animationSpeed</key>
                <string>1.000000</string>
            </dict>
            <dict>
                <key>id</key>
                <string>3263</string>
                <key>className</key>
                <string>PTModelSpriteContainer</string>
                <key>Name</key>
                <dict>
                    <key>value</key>
                    <string>Mushroom_1</string>
                </dict>
                <key>duration</key>
                <string>0.033333</string>
                <key>animationSpeed</key>
                <string>1.000000</string>
            </dict>
            <dict>
                <key>id</key>
                <string>3316</string>
                <key>className</key>
                <string>PTModelSpriteContainer</string>
                <key>Name</key>
                <dict>
                    <key>value</key>
                    <string>FB_IMG_1622457114512</string>
                </dict>
                <key>duration</key>
                <string>0.033333</string>
                <key>animationSpeed</key>
                <string>1.000000</string>
            </dict>
            <dict>
                <key>id</key>
                <string>3555</string>
                <key>className</key>
                <string>PTModelSpriteContainer</string>
                <key>Name</key>
                <dict>
                    <key>value</key>
                    <string>Mushroom_2</string>
                </dict>
                <key>duration</key>
                <string>0.033333</string>
                <key>animationSpeed</key>
                <string>1.000000</string>
            </dict>
            <dict>
                <key>id</key>
                <string>3594</string>
                <key>className</key>
                <string>PTModelSpriteContainer</string>
                <key>Name</key>
                <dict>
                    <key>value</key>
                    <string>Tree_2</string>
                </dict>
                <key>duration</key>
                <string>0.033333</string>
                <key>animationSpeed</key>
                <string>1.000000</string>
            </dict>
            <dict>
                <key>id</key>
                <string>3624</string>
                <key>className</key>
                <string>PTModelSpriteContainer</string>
                <key>Name</key>
                <dict>
                    <key>value</key>
                    <string>Sign_1</string>
                </dict>
                <key>duration</key>
                <string>0.033333</string>
                <key>animationSpeed</key>
                <string>1.000000</string>
            </dict>
            <dict>
                <key>id</key>
                <string>3659</string>
                <key>className</key>
                <string>PTModelSpriteContainer</string>
                <key>Name</key>
                <dict>
                    <key>value</key>
                    <string>Emitter</string>
                </dict>
                <key>duration</key>
                <string>0.033333</string>
                <key>animationSpeed</key>
                <string>1.000000</string>
            </dict>
            <dict>
                <key>id</key>
                <string>3881</string>
                <key>className</key>
                <string>PTModelSpriteContainer</string>
                <key>Name</key>
                <dict>
                    <key>value</key>
                    <string>BG</string>
                </dict>
                <key>duration</key>
                <string>0.033333</string>
                <key>animationSpeed</key>
                <string>1.000000</string>
            </dict>
            <dict>
                <key>id</key>
                <string>3904</string>
                <key>className</key>
                <string>PTModelSpriteContainer</string>
                <key>Name</key>
                <dict>
                    <key>value</key>
                    <string>Sign_2</string>
                </dict>
                <key>duration</key>
                <string>0.033333</string>
                <key>animationSpeed</key>
                <string>1.000000</string>
            </dict>
            <dict>
                <key>id</key>
                <string>4029</string>
                <key>className</key>
                <string>PTModelSpriteContainer</string>
                <key>Name</key>
                <dict>
                    <key>value</key>
                    <string>e0bbae55203f566fef5ac9f325ff9573</string>
                </dict>
                <key>duration</key>
                <string>0.033333</string>
                <key>animationSpeed</key>
                <string>1.000000</string>
            </dict>
            <dict>
                <key>id</key>
                <string>4047</string>
                <key>className</key>
                <string>PTModelSpriteContainer</string>
                <key>Name</key>
                <dict>
                    <key>value</key>
                    <string>download (1) (1)</string>
                </dict>
                <key>duration</key>
                <string>0.033333</string>
                <key>animationSpeed</key>
                <string>1.000000</string>
            </dict>
            <dict>
                <key>id</key>
                <string>4055</string>
                <key>className</key>
                <string>PTModelSpriteContainer</string>
                <key>Name</key>
                <dict>
                    <key>value</key>
                    <string>3d4b2771cce65725ca3a5b37a2d72994</string>
                </dict>
                <key>duration</key>
                <string>0.033333</string>
                <key>animationSpeed</key>
                <string>1.000000</string>
            </dict>
            <dict>
                <key>id</key>
                <string>4064</string>
                <key>className</key>
                <string>PTModelSpriteContainer</string>
                <key>Name</key>
                <dict>
                    <key>value</key>
                    <string>904768-200 (1)</string>
                </dict>
                <key>duration</key>
                <string>0.033333</string>
                <key>animationSpeed</key>
                <string>1.000000</string>
            </dict>
            <dict>
                <key>id</key>
                <string>4123</string>
                <key>className</key>
                <string>PTModelSpriteContainer</string>
                <key>Name</key>
                <dict>
                    <key>value</key>
                    <string>coin6</string>
                </dict>
                <key>duration</key>
                <string>0.200000</string>
                <key>animationSpeed</key>
                <string>1.000000</string>
            </dict>
        </array>
    </dict>
</plist>
