<?xml version="1.0" encoding="UTF-8"?>
<!DOCTYPE plist PUBLIC "-//Apple//DTD PLIST 1.0//EN" "http://www.apple.com/DTDs/PropertyList-1.0.dtd"/>

<plist version="1.0">
    <dict>
        <key>ROOT</key>
        <array>
            <dict>
                <key>id</key>
                <string>3041</string>
                <key>className</key>
                <string>PTModelObjectAssetFlag</string>
                <key>Name</key>
                <dict>
                    <key>value</key>
                    <string>Flag</string>
                </dict>
                <key>Position</key>
                <dict>
                    <key>value</key>
                    <string>{332.828,542.866}</string>
                </dict>
                <key>Scale</key>
                <dict>
                    <key>value</key>
                    <string>{3.962,1.000}</string>
                </dict>
                <key>Hidden</key>
                <dict>
                    <key>visible</key>
                    <string>0</string>
                </dict>
                <key>Locked</key>
                <dict>
                    <key>visible</key>
                    <string>0</string>
                </dict>
                <key>zDepth</key>
                <string>503</string>
            </dict>
            <dict>
                <key>id</key>
                <string>3950</string>
                <key>className</key>
                <string>PTModelObjectAssetFlag</string>
                <key>Name</key>
                <dict>
                    <key>value</key>
                    <string>Flag</string>
                </dict>
                <key>Position</key>
                <dict>
                    <key>value</key>
                    <string>{224.381,525.380}</string>
                </dict>
                <key>Scale</key>
                <dict>
                    <key>value</key>
                    <string>{1.638,1.319}</string>
                </dict>
                <key>Hidden</key>
                <dict>
                    <key>visible</key>
                    <string>0</string>
                </dict>
                <key>Locked</key>
                <dict>
                    <key>visible</key>
                    <string>0</string>
                </dict>
                <key>zDepth</key>
                <string>501</string>
            </dict>
        </array>
    </dict>
</plist>
