<?xml version="1.0" encoding="UTF-8"?>
<!DOCTYPE plist PUBLIC "-//Apple//DTD PLIST 1.0//EN" "http://www.apple.com/DTDs/PropertyList-1.0.dtd"/>

<plist version="1.0">
    <dict>
        <key>ROOT</key>
        <array>
            <dict>
                <key>id</key>
                <string>98</string>
                <key>children</key>
                <array>
                    <string>3321</string>
                    <string>4020</string>
                </array>
            </dict>
            <dict>
                <key>id</key>
                <string>100</string>
                <key>Music</key>
                <dict>
                    <key>value</key>
                    <string>1780</string>
                </dict>
                <key>children</key>
                <array>
                    <string>4251</string>
                    <string>4254</string>
                </array>
            </dict>
            <dict>
                <key>id</key>
                <string>1570</string>
                <key>children</key>
                <array>
                    <string>1571</string>
                    <string>1574</string>
                </array>
            </dict>
            <dict>
                <key>id</key>
                <string>1578</string>
                <key>children</key>
                <array>
                    <string>4034</string>
                    <string>4046</string>
                </array>
            </dict>
            <dict>
                <key>id</key>
                <string>1585</string>
                <key>children</key>
                <array>
                    <string>1586</string>
                    <string>1587</string>
                </array>
            </dict>
            <dict>
                <key>id</key>
                <string>1594</string>
                <key>children</key>
                <array>
                    <string>1595</string>
                    <string>1596</string>
                </array>
            </dict>
            <dict>
                <key>id</key>
                <string>1601</string>
                <key>children</key>
                <array>
                    <string>1602</string>
                    <string>1605</string>
                    <string>1661</string>
                    <string>1664</string>
                    <string>1665</string>
                </array>
            </dict>
            <dict>
                <key>id</key>
                <string>1607</string>
                <key>children</key>
                <array>
                    <string>1608</string>
                    <string>1611</string>
                    <string>1614</string>
                    <string>1617</string>
                    <string>1620</string>
                </array>
            </dict>
            <dict>
                <key>id</key>
                <string>1622</string>
                <key>children</key>
                <array>
                    <string>1624</string>
                    <string>4063</string>
                </array>
            </dict>
            <dict>
                <key>id</key>
                <string>1656</string>
                <key>children</key>
                <array>
                    <string>1657</string>
                    <string>1658</string>
                </array>
            </dict>
        </array>
    </dict>
</plist>
