<?xml version="1.0" encoding="UTF-8"?>
<!DOCTYPE plist PUBLIC "-//Apple//DTD PLIST 1.0//EN" "http://www.apple.com/DTDs/PropertyList-1.0.dtd"/>

<plist version="1.0">
    <dict>
        <key>ROOT</key>
        <array>
            <dict>
                <key>id</key>
                <string>113</string>
                <key>className</key>
                <string>PTModelAnimation</string>
                <key>Name</key>
                <dict>
                    <key>value</key>
                    <string></string>
                </dict>
                <key>duration</key>
                <string>0.033333</string>
                <key>animationSpeed</key>
                <string>1.000000</string>
                <key>looped</key>
                <string>1</string>
            </dict>
            <dict>
                <key>id</key>
                <string>130</string>
                <key>className</key>
                <string>PTModelAnimation</string>
                <key>Name</key>
                <dict>
                    <key>value</key>
                    <string></string>
                </dict>
                <key>duration</key>
                <string>0.033333</string>
                <key>animationSpeed</key>
                <string>1.000000</string>
                <key>looped</key>
                <string>1</string>
            </dict>
            <dict>
                <key>id</key>
                <string>154</string>
                <key>className</key>
                <string>PTModelAnimation</string>
                <key>Name</key>
                <dict>
                    <key>value</key>
                    <string></string>
                </dict>
                <key>duration</key>
                <string>0.033333</string>
                <key>animationSpeed</key>
                <string>1.000000</string>
                <key>looped</key>
                <string>0</string>
            </dict>
            <dict>
                <key>id</key>
                <string>345</string>
                <key>className</key>
                <string>PTModelAnimation</string>
                <key>Name</key>
                <dict>
                    <key>value</key>
                    <string></string>
                </dict>
                <key>duration</key>
                <string>0.033333</string>
                <key>animationSpeed</key>
                <string>1.000000</string>
                <key>looped</key>
                <string>1</string>
            </dict>
            <dict>
                <key>id</key>
                <string>403</string>
                <key>className</key>
                <string>PTModelAnimation</string>
                <key>Name</key>
                <dict>
                    <key>value</key>
                    <string></string>
                </dict>
                <key>duration</key>
                <string>0.033333</string>
                <key>animationSpeed</key>
                <string>1.000000</string>
                <key>looped</key>
                <string>1</string>
            </dict>
            <dict>
                <key>id</key>
                <string>812</string>
                <key>className</key>
                <string>PTModelAnimation</string>
                <key>Name</key>
                <dict>
                    <key>value</key>
                    <string></string>
                </dict>
                <key>duration</key>
                <string>0.033333</string>
                <key>animationSpeed</key>
                <string>1.000000</string>
                <key>looped</key>
                <string>1</string>
            </dict>
            <dict>
                <key>id</key>
                <string>838</string>
                <key>className</key>
                <string>PTModelAnimation</string>
                <key>Name</key>
                <dict>
                    <key>value</key>
                    <string></string>
                </dict>
                <key>duration</key>
                <string>0.033333</string>
                <key>animationSpeed</key>
                <string>1.000000</string>
                <key>looped</key>
                <string>1</string>
            </dict>
            <dict>
                <key>id</key>
                <string>849</string>
                <key>className</key>
                <string>PTModelAnimation</string>
                <key>Name</key>
                <dict>
                    <key>value</key>
                    <string></string>
                </dict>
                <key>duration</key>
                <string>0.033333</string>
                <key>animationSpeed</key>
                <string>1.000000</string>
                <key>looped</key>
                <string>1</string>
            </dict>
            <dict>
                <key>id</key>
                <string>865</string>
                <key>className</key>
                <string>PTModelAnimation</string>
                <key>Name</key>
                <dict>
                    <key>value</key>
                    <string></string>
                </dict>
                <key>duration</key>
                <string>0.033333</string>
                <key>animationSpeed</key>
                <string>1.000000</string>
                <key>looped</key>
                <string>1</string>
            </dict>
            <dict>
                <key>id</key>
                <string>979</string>
                <key>className</key>
                <string>PTModelAnimation</string>
                <key>Name</key>
                <dict>
                    <key>value</key>
                    <string></string>
                </dict>
                <key>duration</key>
                <string>3.000000</string>
                <key>animationSpeed</key>
                <string>1.000000</string>
                <key>looped</key>
                <string>0</string>
            </dict>
            <dict>
                <key>id</key>
                <string>1167</string>
                <key>className</key>
                <string>PTModelAnimation</string>
                <key>Name</key>
                <dict>
                    <key>value</key>
                    <string></string>
                </dict>
                <key>duration</key>
                <string>0.033333</string>
                <key>animationSpeed</key>
                <string>1.000000</string>
                <key>looped</key>
                <string>1</string>
            </dict>
            <dict>
                <key>id</key>
                <string>1174</string>
                <key>className</key>
                <string>PTModelAnimation</string>
                <key>Name</key>
                <dict>
                    <key>value</key>
                    <string></string>
                </dict>
                <key>duration</key>
                <string>3.000000</string>
                <key>animationSpeed</key>
                <string>1.000000</string>
                <key>looped</key>
                <string>1</string>
            </dict>
            <dict>
                <key>id</key>
                <string>1688</string>
                <key>className</key>
                <string>PTModelAnimation</string>
                <key>Name</key>
                <dict>
                    <key>value</key>
                    <string></string>
                </dict>
                <key>duration</key>
                <string>0.033333</string>
                <key>animationSpeed</key>
                <string>1.000000</string>
                <key>looped</key>
                <string>1</string>
            </dict>
            <dict>
                <key>id</key>
                <string>1726</string>
                <key>className</key>
                <string>PTModelAnimation</string>
                <key>Name</key>
                <dict>
                    <key>value</key>
                    <string></string>
                </dict>
                <key>duration</key>
                <string>0.300000</string>
                <key>animationSpeed</key>
                <string>1.000000</string>
                <key>looped</key>
                <string>1</string>
            </dict>
            <dict>
                <key>id</key>
                <string>1775</string>
                <key>className</key>
                <string>PTModelAnimation</string>
                <key>Name</key>
                <dict>
                    <key>value</key>
                    <string></string>
                </dict>
                <key>duration</key>
                <string>0.333333</string>
                <key>animationSpeed</key>
                <string>1.000000</string>
                <key>looped</key>
                <string>0</string>
            </dict>
            <dict>
                <key>id</key>
                <string>1791</string>
                <key>className</key>
                <string>PTModelAnimation</string>
                <key>Name</key>
                <dict>
                    <key>value</key>
                    <string></string>
                </dict>
                <key>duration</key>
                <string>0.033333</string>
                <key>animationSpeed</key>
                <string>1.000000</string>
                <key>looped</key>
                <string>1</string>
            </dict>
            <dict>
                <key>id</key>
                <string>1867</string>
                <key>className</key>
                <string>PTModelAnimation</string>
                <key>Name</key>
                <dict>
                    <key>value</key>
                    <string></string>
                </dict>
                <key>duration</key>
                <string>0.333333</string>
                <key>animationSpeed</key>
                <string>1.000000</string>
                <key>looped</key>
                <string>0</string>
            </dict>
            <dict>
                <key>id</key>
                <string>1893</string>
                <key>className</key>
                <string>PTModelAnimation</string>
                <key>Name</key>
                <dict>
                    <key>value</key>
                    <string></string>
                </dict>
                <key>duration</key>
                <string>0.333333</string>
                <key>animationSpeed</key>
                <string>1.000000</string>
                <key>looped</key>
                <string>1</string>
            </dict>
            <dict>
                <key>id</key>
                <string>1920</string>
                <key>className</key>
                <string>PTModelAnimation</string>
                <key>Name</key>
                <dict>
                    <key>value</key>
                    <string></string>
                </dict>
                <key>duration</key>
                <string>0.333333</string>
                <key>animationSpeed</key>
                <string>1.000000</string>
                <key>looped</key>
                <string>1</string>
            </dict>
            <dict>
                <key>id</key>
                <string>1946</string>
                <key>className</key>
                <string>PTModelAnimation</string>
                <key>Name</key>
                <dict>
                    <key>value</key>
                    <string></string>
                </dict>
                <key>duration</key>
                <string>0.333333</string>
                <key>animationSpeed</key>
                <string>1.000000</string>
                <key>looped</key>
                <string>1</string>
            </dict>
            <dict>
                <key>id</key>
                <string>1953</string>
                <key>className</key>
                <string>PTModelAnimation</string>
                <key>Name</key>
                <dict>
                    <key>value</key>
                    <string></string>
                </dict>
                <key>duration</key>
                <string>0.333333</string>
                <key>animationSpeed</key>
                <string>1.000000</string>
                <key>looped</key>
                <string>1</string>
            </dict>
            <dict>
                <key>id</key>
                <string>1962</string>
                <key>className</key>
                <string>PTModelAnimation</string>
                <key>Name</key>
                <dict>
                    <key>value</key>
                    <string></string>
                </dict>
                <key>duration</key>
                <string>0.333333</string>
                <key>animationSpeed</key>
                <string>1.000000</string>
                <key>looped</key>
                <string>1</string>
            </dict>
            <dict>
                <key>id</key>
                <string>1971</string>
                <key>className</key>
                <string>PTModelAnimation</string>
                <key>Name</key>
                <dict>
                    <key>value</key>
                    <string></string>
                </dict>
                <key>duration</key>
                <string>0.333333</string>
                <key>animationSpeed</key>
                <string>1.000000</string>
                <key>looped</key>
                <string>1</string>
            </dict>
            <dict>
                <key>id</key>
                <string>1987</string>
                <key>className</key>
                <string>PTModelAnimation</string>
                <key>Name</key>
                <dict>
                    <key>value</key>
                    <string></string>
                </dict>
                <key>duration</key>
                <string>0.333333</string>
                <key>animationSpeed</key>
                <string>1.000000</string>
                <key>looped</key>
                <string>1</string>
            </dict>
            <dict>
                <key>id</key>
                <string>1996</string>
                <key>className</key>
                <string>PTModelAnimation</string>
                <key>Name</key>
                <dict>
                    <key>value</key>
                    <string></string>
                </dict>
                <key>duration</key>
                <string>0.333333</string>
                <key>animationSpeed</key>
                <string>1.000000</string>
                <key>looped</key>
                <string>1</string>
            </dict>
            <dict>
                <key>id</key>
                <string>2017</string>
                <key>className</key>
                <string>PTModelAnimation</string>
                <key>Name</key>
                <dict>
                    <key>value</key>
                    <string></string>
                </dict>
                <key>duration</key>
                <string>0.333333</string>
                <key>animationSpeed</key>
                <string>1.000000</string>
                <key>looped</key>
                <string>1</string>
            </dict>
            <dict>
                <key>id</key>
                <string>2036</string>
                <key>className</key>
                <string>PTModelAnimation</string>
                <key>Name</key>
                <dict>
                    <key>value</key>
                    <string></string>
                </dict>
                <key>duration</key>
                <string>0.333333</string>
                <key>animationSpeed</key>
                <string>1.000000</string>
                <key>looped</key>
                <string>1</string>
            </dict>
            <dict>
                <key>id</key>
                <string>2050</string>
                <key>className</key>
                <string>PTModelAnimation</string>
                <key>Name</key>
                <dict>
                    <key>value</key>
                    <string></string>
                </dict>
                <key>duration</key>
                <string>0.033333</string>
                <key>animationSpeed</key>
                <string>1.000000</string>
                <key>looped</key>
                <string>1</string>
            </dict>
            <dict>
                <key>id</key>
                <string>2088</string>
                <key>className</key>
                <string>PTModelAnimation</string>
                <key>Name</key>
                <dict>
                    <key>value</key>
                    <string></string>
                </dict>
                <key>duration</key>
                <string>0.033333</string>
                <key>animationSpeed</key>
                <string>1.000000</string>
                <key>looped</key>
                <string>1</string>
            </dict>
            <dict>
                <key>id</key>
                <string>2101</string>
                <key>className</key>
                <string>PTModelAnimation</string>
                <key>Name</key>
                <dict>
                    <key>value</key>
                    <string></string>
                </dict>
                <key>duration</key>
                <string>0.033333</string>
                <key>animationSpeed</key>
                <string>1.000000</string>
                <key>looped</key>
                <string>1</string>
            </dict>
            <dict>
                <key>id</key>
                <string>2135</string>
                <key>className</key>
                <string>PTModelAnimation</string>
                <key>Name</key>
                <dict>
                    <key>value</key>
                    <string></string>
                </dict>
                <key>duration</key>
                <string>0.033333</string>
                <key>animationSpeed</key>
                <string>1.000000</string>
                <key>looped</key>
                <string>1</string>
            </dict>
            <dict>
                <key>id</key>
                <string>2202</string>
                <key>className</key>
                <string>PTModelAnimation</string>
                <key>Name</key>
                <dict>
                    <key>value</key>
                    <string></string>
                </dict>
                <key>duration</key>
                <string>0.033333</string>
                <key>animationSpeed</key>
                <string>1.000000</string>
                <key>looped</key>
                <string>1</string>
            </dict>
            <dict>
                <key>id</key>
                <string>2230</string>
                <key>className</key>
                <string>PTModelAnimation</string>
                <key>Name</key>
                <dict>
                    <key>value</key>
                    <string></string>
                </dict>
                <key>duration</key>
                <string>0.033333</string>
                <key>animationSpeed</key>
                <string>1.000000</string>
                <key>looped</key>
                <string>1</string>
            </dict>
            <dict>
                <key>id</key>
                <string>2240</string>
                <key>className</key>
                <string>PTModelAnimation</string>
                <key>Name</key>
                <dict>
                    <key>value</key>
                    <string></string>
                </dict>
                <key>duration</key>
                <string>0.333333</string>
                <key>animationSpeed</key>
                <string>1.000000</string>
                <key>looped</key>
                <string>1</string>
            </dict>
            <dict>
                <key>id</key>
                <string>2269</string>
                <key>className</key>
                <string>PTModelAnimation</string>
                <key>Name</key>
                <dict>
                    <key>value</key>
                    <string></string>
                </dict>
                <key>duration</key>
                <string>0.333333</string>
                <key>animationSpeed</key>
                <string>1.000000</string>
                <key>looped</key>
                <string>1</string>
            </dict>
            <dict>
                <key>id</key>
                <string>2303</string>
                <key>className</key>
                <string>PTModelAnimation</string>
                <key>Name</key>
                <dict>
                    <key>value</key>
                    <string></string>
                </dict>
                <key>duration</key>
                <string>0.033333</string>
                <key>animationSpeed</key>
                <string>1.000000</string>
                <key>looped</key>
                <string>1</string>
            </dict>
            <dict>
                <key>id</key>
                <string>2312</string>
                <key>className</key>
                <string>PTModelAnimation</string>
                <key>Name</key>
                <dict>
                    <key>value</key>
                    <string></string>
                </dict>
                <key>duration</key>
                <string>0.033333</string>
                <key>animationSpeed</key>
                <string>1.000000</string>
                <key>looped</key>
                <string>1</string>
            </dict>
            <dict>
                <key>id</key>
                <string>2322</string>
                <key>className</key>
                <string>PTModelAnimation</string>
                <key>Name</key>
                <dict>
                    <key>value</key>
                    <string></string>
                </dict>
                <key>duration</key>
                <string>0.033333</string>
                <key>animationSpeed</key>
                <string>1.000000</string>
                <key>looped</key>
                <string>1</string>
            </dict>
            <dict>
                <key>id</key>
                <string>2332</string>
                <key>className</key>
                <string>PTModelAnimation</string>
                <key>Name</key>
                <dict>
                    <key>value</key>
                    <string></string>
                </dict>
                <key>duration</key>
                <string>0.033333</string>
                <key>animationSpeed</key>
                <string>1.000000</string>
                <key>looped</key>
                <string>1</string>
            </dict>
            <dict>
                <key>id</key>
                <string>2341</string>
                <key>className</key>
                <string>PTModelAnimation</string>
                <key>Name</key>
                <dict>
                    <key>value</key>
                    <string></string>
                </dict>
                <key>duration</key>
                <string>0.033333</string>
                <key>animationSpeed</key>
                <string>1.000000</string>
                <key>looped</key>
                <string>1</string>
            </dict>
            <dict>
                <key>id</key>
                <string>2350</string>
                <key>className</key>
                <string>PTModelAnimation</string>
                <key>Name</key>
                <dict>
                    <key>value</key>
                    <string></string>
                </dict>
                <key>duration</key>
                <string>0.033333</string>
                <key>animationSpeed</key>
                <string>1.000000</string>
                <key>looped</key>
                <string>1</string>
            </dict>
            <dict>
                <key>id</key>
                <string>2359</string>
                <key>className</key>
                <string>PTModelAnimation</string>
                <key>Name</key>
                <dict>
                    <key>value</key>
                    <string></string>
                </dict>
                <key>duration</key>
                <string>0.033333</string>
                <key>animationSpeed</key>
                <string>1.000000</string>
                <key>looped</key>
                <string>1</string>
            </dict>
            <dict>
                <key>id</key>
                <string>2368</string>
                <key>className</key>
                <string>PTModelAnimation</string>
                <key>Name</key>
                <dict>
                    <key>value</key>
                    <string></string>
                </dict>
                <key>duration</key>
                <string>0.033333</string>
                <key>animationSpeed</key>
                <string>1.000000</string>
                <key>looped</key>
                <string>1</string>
            </dict>
            <dict>
                <key>id</key>
                <string>2377</string>
                <key>className</key>
                <string>PTModelAnimation</string>
                <key>Name</key>
                <dict>
                    <key>value</key>
                    <string></string>
                </dict>
                <key>duration</key>
                <string>0.033333</string>
                <key>animationSpeed</key>
                <string>1.000000</string>
                <key>looped</key>
                <string>1</string>
            </dict>
            <dict>
                <key>id</key>
                <string>2409</string>
                <key>className</key>
                <string>PTModelAnimation</string>
                <key>Name</key>
                <dict>
                    <key>value</key>
                    <string></string>
                </dict>
                <key>duration</key>
                <string>0.033333</string>
                <key>animationSpeed</key>
                <string>1.000000</string>
                <key>looped</key>
                <string>1</string>
            </dict>
            <dict>
                <key>id</key>
                <string>2420</string>
                <key>className</key>
                <string>PTModelAnimation</string>
                <key>Name</key>
                <dict>
                    <key>value</key>
                    <string></string>
                </dict>
                <key>duration</key>
                <string>0.033333</string>
                <key>animationSpeed</key>
                <string>1.000000</string>
                <key>looped</key>
                <string>1</string>
            </dict>
            <dict>
                <key>id</key>
                <string>2430</string>
                <key>className</key>
                <string>PTModelAnimation</string>
                <key>Name</key>
                <dict>
                    <key>value</key>
                    <string></string>
                </dict>
                <key>duration</key>
                <string>0.033333</string>
                <key>animationSpeed</key>
                <string>1.000000</string>
                <key>looped</key>
                <string>1</string>
            </dict>
            <dict>
                <key>id</key>
                <string>2439</string>
                <key>className</key>
                <string>PTModelAnimation</string>
                <key>Name</key>
                <dict>
                    <key>value</key>
                    <string></string>
                </dict>
                <key>duration</key>
                <string>0.033333</string>
                <key>animationSpeed</key>
                <string>1.000000</string>
                <key>looped</key>
                <string>1</string>
            </dict>
            <dict>
                <key>id</key>
                <string>2448</string>
                <key>className</key>
                <string>PTModelAnimation</string>
                <key>Name</key>
                <dict>
                    <key>value</key>
                    <string></string>
                </dict>
                <key>duration</key>
                <string>0.033333</string>
                <key>animationSpeed</key>
                <string>1.000000</string>
                <key>looped</key>
                <string>1</string>
            </dict>
            <dict>
                <key>id</key>
                <string>2457</string>
                <key>className</key>
                <string>PTModelAnimation</string>
                <key>Name</key>
                <dict>
                    <key>value</key>
                    <string></string>
                </dict>
                <key>duration</key>
                <string>0.033333</string>
                <key>animationSpeed</key>
                <string>1.000000</string>
                <key>looped</key>
                <string>1</string>
            </dict>
            <dict>
                <key>id</key>
                <string>2466</string>
                <key>className</key>
                <string>PTModelAnimation</string>
                <key>Name</key>
                <dict>
                    <key>value</key>
                    <string></string>
                </dict>
                <key>duration</key>
                <string>0.033333</string>
                <key>animationSpeed</key>
                <string>1.000000</string>
                <key>looped</key>
                <string>1</string>
            </dict>
            <dict>
                <key>id</key>
                <string>2475</string>
                <key>className</key>
                <string>PTModelAnimation</string>
                <key>Name</key>
                <dict>
                    <key>value</key>
                    <string></string>
                </dict>
                <key>duration</key>
                <string>0.033333</string>
                <key>animationSpeed</key>
                <string>1.000000</string>
                <key>looped</key>
                <string>1</string>
            </dict>
            <dict>
                <key>id</key>
                <string>2484</string>
                <key>className</key>
                <string>PTModelAnimation</string>
                <key>Name</key>
                <dict>
                    <key>value</key>
                    <string></string>
                </dict>
                <key>duration</key>
                <string>0.033333</string>
                <key>animationSpeed</key>
                <string>1.000000</string>
                <key>looped</key>
                <string>1</string>
            </dict>
            <dict>
                <key>id</key>
                <string>2493</string>
                <key>className</key>
                <string>PTModelAnimation</string>
                <key>Name</key>
                <dict>
                    <key>value</key>
                    <string></string>
                </dict>
                <key>duration</key>
                <string>0.033333</string>
                <key>animationSpeed</key>
                <string>1.000000</string>
                <key>looped</key>
                <string>1</string>
            </dict>
            <dict>
                <key>id</key>
                <string>2502</string>
                <key>className</key>
                <string>PTModelAnimation</string>
                <key>Name</key>
                <dict>
                    <key>value</key>
                    <string></string>
                </dict>
                <key>duration</key>
                <string>0.033333</string>
                <key>animationSpeed</key>
                <string>1.000000</string>
                <key>looped</key>
                <string>1</string>
            </dict>
            <dict>
                <key>id</key>
                <string>2511</string>
                <key>className</key>
                <string>PTModelAnimation</string>
                <key>Name</key>
                <dict>
                    <key>value</key>
                    <string></string>
                </dict>
                <key>duration</key>
                <string>0.033333</string>
                <key>animationSpeed</key>
                <string>1.000000</string>
                <key>looped</key>
                <string>1</string>
            </dict>
            <dict>
                <key>id</key>
                <string>2520</string>
                <key>className</key>
                <string>PTModelAnimation</string>
                <key>Name</key>
                <dict>
                    <key>value</key>
                    <string></string>
                </dict>
                <key>duration</key>
                <string>0.033333</string>
                <key>animationSpeed</key>
                <string>1.000000</string>
                <key>looped</key>
                <string>1</string>
            </dict>
            <dict>
                <key>id</key>
                <string>2529</string>
                <key>className</key>
                <string>PTModelAnimation</string>
                <key>Name</key>
                <dict>
                    <key>value</key>
                    <string></string>
                </dict>
                <key>duration</key>
                <string>0.033333</string>
                <key>animationSpeed</key>
                <string>1.000000</string>
                <key>looped</key>
                <string>1</string>
            </dict>
            <dict>
                <key>id</key>
                <string>2539</string>
                <key>className</key>
                <string>PTModelAnimation</string>
                <key>Name</key>
                <dict>
                    <key>value</key>
                    <string></string>
                </dict>
                <key>duration</key>
                <string>0.033333</string>
                <key>animationSpeed</key>
                <string>1.000000</string>
                <key>looped</key>
                <string>1</string>
            </dict>
            <dict>
                <key>id</key>
                <string>2568</string>
                <key>className</key>
                <string>PTModelAnimation</string>
                <key>Name</key>
                <dict>
                    <key>value</key>
                    <string></string>
                </dict>
                <key>duration</key>
                <string>0.300000</string>
                <key>animationSpeed</key>
                <string>1.000000</string>
                <key>looped</key>
                <string>1</string>
            </dict>
            <dict>
                <key>id</key>
                <string>2579</string>
                <key>className</key>
                <string>PTModelAnimation</string>
                <key>Name</key>
                <dict>
                    <key>value</key>
                    <string></string>
                </dict>
                <key>duration</key>
                <string>0.033333</string>
                <key>animationSpeed</key>
                <string>1.000000</string>
                <key>looped</key>
                <string>1</string>
            </dict>
            <dict>
                <key>id</key>
                <string>2589</string>
                <key>className</key>
                <string>PTModelAnimation</string>
                <key>Name</key>
                <dict>
                    <key>value</key>
                    <string></string>
                </dict>
                <key>duration</key>
                <string>0.033333</string>
                <key>animationSpeed</key>
                <string>1.000000</string>
                <key>looped</key>
                <string>1</string>
            </dict>
            <dict>
                <key>id</key>
                <string>2597</string>
                <key>className</key>
                <string>PTModelAnimation</string>
                <key>Name</key>
                <dict>
                    <key>value</key>
                    <string></string>
                </dict>
                <key>duration</key>
                <string>3.000000</string>
                <key>animationSpeed</key>
                <string>1.000000</string>
                <key>looped</key>
                <string>1</string>
            </dict>
            <dict>
                <key>id</key>
                <string>2627</string>
                <key>className</key>
                <string>PTModelAnimation</string>
                <key>Name</key>
                <dict>
                    <key>value</key>
                    <string></string>
                </dict>
                <key>duration</key>
                <string>0.266667</string>
                <key>animationSpeed</key>
                <string>1.000000</string>
                <key>looped</key>
                <string>1</string>
            </dict>
            <dict>
                <key>id</key>
                <string>2647</string>
                <key>className</key>
                <string>PTModelAnimation</string>
                <key>Name</key>
                <dict>
                    <key>value</key>
                    <string></string>
                </dict>
                <key>duration</key>
                <string>0.033333</string>
                <key>animationSpeed</key>
                <string>1.000000</string>
                <key>looped</key>
                <string>1</string>
            </dict>
            <dict>
                <key>id</key>
                <string>2656</string>
                <key>className</key>
                <string>PTModelAnimation</string>
                <key>Name</key>
                <dict>
                    <key>value</key>
                    <string></string>
                </dict>
                <key>duration</key>
                <string>0.033333</string>
                <key>animationSpeed</key>
                <string>1.000000</string>
                <key>looped</key>
                <string>1</string>
            </dict>
            <dict>
                <key>id</key>
                <string>2665</string>
                <key>className</key>
                <string>PTModelAnimation</string>
                <key>Name</key>
                <dict>
                    <key>value</key>
                    <string></string>
                </dict>
                <key>duration</key>
                <string>0.033333</string>
                <key>animationSpeed</key>
                <string>1.000000</string>
                <key>looped</key>
                <string>1</string>
            </dict>
            <dict>
                <key>id</key>
                <string>2674</string>
                <key>className</key>
                <string>PTModelAnimation</string>
                <key>Name</key>
                <dict>
                    <key>value</key>
                    <string></string>
                </dict>
                <key>duration</key>
                <string>0.033333</string>
                <key>animationSpeed</key>
                <string>1.000000</string>
                <key>looped</key>
                <string>1</string>
            </dict>
            <dict>
                <key>id</key>
                <string>2683</string>
                <key>className</key>
                <string>PTModelAnimation</string>
                <key>Name</key>
                <dict>
                    <key>value</key>
                    <string></string>
                </dict>
                <key>duration</key>
                <string>0.033333</string>
                <key>animationSpeed</key>
                <string>1.000000</string>
                <key>looped</key>
                <string>1</string>
            </dict>
            <dict>
                <key>id</key>
                <string>2692</string>
                <key>className</key>
                <string>PTModelAnimation</string>
                <key>Name</key>
                <dict>
                    <key>value</key>
                    <string></string>
                </dict>
                <key>duration</key>
                <string>0.033333</string>
                <key>animationSpeed</key>
                <string>1.000000</string>
                <key>looped</key>
                <string>1</string>
            </dict>
            <dict>
                <key>id</key>
                <string>2701</string>
                <key>className</key>
                <string>PTModelAnimation</string>
                <key>Name</key>
                <dict>
                    <key>value</key>
                    <string></string>
                </dict>
                <key>duration</key>
                <string>0.033333</string>
                <key>animationSpeed</key>
                <string>1.000000</string>
                <key>looped</key>
                <string>1</string>
            </dict>
            <dict>
                <key>id</key>
                <string>2735</string>
                <key>className</key>
                <string>PTModelAnimation</string>
                <key>Name</key>
                <dict>
                    <key>value</key>
                    <string></string>
                </dict>
                <key>duration</key>
                <string>0.033333</string>
                <key>animationSpeed</key>
                <string>1.000000</string>
                <key>looped</key>
                <string>1</string>
            </dict>
            <dict>
                <key>id</key>
                <string>2769</string>
                <key>className</key>
                <string>PTModelAnimation</string>
                <key>Name</key>
                <dict>
                    <key>value</key>
                    <string></string>
                </dict>
                <key>duration</key>
                <string>0.033333</string>
                <key>animationSpeed</key>
                <string>1.000000</string>
                <key>looped</key>
                <string>1</string>
            </dict>
            <dict>
                <key>id</key>
                <string>2788</string>
                <key>className</key>
                <string>PTModelAnimation</string>
                <key>Name</key>
                <dict>
                    <key>value</key>
                    <string></string>
                </dict>
                <key>duration</key>
                <string>0.033333</string>
                <key>animationSpeed</key>
                <string>1.000000</string>
                <key>looped</key>
                <string>1</string>
            </dict>
            <dict>
                <key>id</key>
                <string>2797</string>
                <key>className</key>
                <string>PTModelAnimation</string>
                <key>Name</key>
                <dict>
                    <key>value</key>
                    <string></string>
                </dict>
                <key>duration</key>
                <string>0.033333</string>
                <key>animationSpeed</key>
                <string>1.000000</string>
                <key>looped</key>
                <string>1</string>
            </dict>
            <dict>
                <key>id</key>
                <string>2833</string>
                <key>className</key>
                <string>PTModelAnimation</string>
                <key>Name</key>
                <dict>
                    <key>value</key>
                    <string></string>
                </dict>
                <key>duration</key>
                <string>0.033333</string>
                <key>animationSpeed</key>
                <string>1.000000</string>
                <key>looped</key>
                <string>1</string>
            </dict>
            <dict>
                <key>id</key>
                <string>2852</string>
                <key>className</key>
                <string>PTModelAnimation</string>
                <key>Name</key>
                <dict>
                    <key>value</key>
                    <string></string>
                </dict>
                <key>duration</key>
                <string>0.033333</string>
                <key>animationSpeed</key>
                <string>1.000000</string>
                <key>looped</key>
                <string>1</string>
            </dict>
            <dict>
                <key>id</key>
                <string>2861</string>
                <key>className</key>
                <string>PTModelAnimation</string>
                <key>Name</key>
                <dict>
                    <key>value</key>
                    <string></string>
                </dict>
                <key>duration</key>
                <string>0.033333</string>
                <key>animationSpeed</key>
                <string>1.000000</string>
                <key>looped</key>
                <string>1</string>
            </dict>
            <dict>
                <key>id</key>
                <string>2870</string>
                <key>className</key>
                <string>PTModelAnimation</string>
                <key>Name</key>
                <dict>
                    <key>value</key>
                    <string></string>
                </dict>
                <key>duration</key>
                <string>0.033333</string>
                <key>animationSpeed</key>
                <string>1.000000</string>
                <key>looped</key>
                <string>1</string>
            </dict>
            <dict>
                <key>id</key>
                <string>2931</string>
                <key>className</key>
                <string>PTModelAnimation</string>
                <key>Name</key>
                <dict>
                    <key>value</key>
                    <string></string>
                </dict>
                <key>duration</key>
                <string>0.033333</string>
                <key>animationSpeed</key>
                <string>1.000000</string>
                <key>looped</key>
                <string>1</string>
            </dict>
            <dict>
                <key>id</key>
                <string>2946</string>
                <key>className</key>
                <string>PTModelAnimation</string>
                <key>Name</key>
                <dict>
                    <key>value</key>
                    <string></string>
                </dict>
                <key>duration</key>
                <string>0.033333</string>
                <key>animationSpeed</key>
                <string>1.000000</string>
                <key>looped</key>
                <string>1</string>
            </dict>
            <dict>
                <key>id</key>
                <string>2955</string>
                <key>className</key>
                <string>PTModelAnimation</string>
                <key>Name</key>
                <dict>
                    <key>value</key>
                    <string></string>
                </dict>
                <key>duration</key>
                <string>0.033333</string>
                <key>animationSpeed</key>
                <string>1.000000</string>
                <key>looped</key>
                <string>1</string>
            </dict>
            <dict>
                <key>id</key>
                <string>2978</string>
                <key>className</key>
                <string>PTModelAnimation</string>
                <key>Name</key>
                <dict>
                    <key>value</key>
                    <string></string>
                </dict>
                <key>duration</key>
                <string>0.033333</string>
                <key>animationSpeed</key>
                <string>1.000000</string>
                <key>looped</key>
                <string>1</string>
            </dict>
            <dict>
                <key>id</key>
                <string>2987</string>
                <key>className</key>
                <string>PTModelAnimation</string>
                <key>Name</key>
                <dict>
                    <key>value</key>
                    <string></string>
                </dict>
                <key>duration</key>
                <string>0.033333</string>
                <key>animationSpeed</key>
                <string>1.000000</string>
                <key>looped</key>
                <string>1</string>
            </dict>
            <dict>
                <key>id</key>
                <string>3017</string>
                <key>className</key>
                <string>PTModelAnimation</string>
                <key>Name</key>
                <dict>
                    <key>value</key>
                    <string></string>
                </dict>
                <key>duration</key>
                <string>0.033333</string>
                <key>animationSpeed</key>
                <string>1.000000</string>
                <key>looped</key>
                <string>1</string>
            </dict>
            <dict>
                <key>id</key>
                <string>3046</string>
                <key>className</key>
                <string>PTModelAnimation</string>
                <key>Name</key>
                <dict>
                    <key>value</key>
                    <string></string>
                </dict>
                <key>duration</key>
                <string>0.033333</string>
                <key>animationSpeed</key>
                <string>1.000000</string>
                <key>looped</key>
                <string>1</string>
            </dict>
            <dict>
                <key>id</key>
                <string>3055</string>
                <key>className</key>
                <string>PTModelAnimation</string>
                <key>Name</key>
                <dict>
                    <key>value</key>
                    <string></string>
                </dict>
                <key>duration</key>
                <string>0.033333</string>
                <key>animationSpeed</key>
                <string>1.000000</string>
                <key>looped</key>
                <string>1</string>
            </dict>
            <dict>
                <key>id</key>
                <string>3064</string>
                <key>className</key>
                <string>PTModelAnimation</string>
                <key>Name</key>
                <dict>
                    <key>value</key>
                    <string></string>
                </dict>
                <key>duration</key>
                <string>0.033333</string>
                <key>animationSpeed</key>
                <string>1.000000</string>
                <key>looped</key>
                <string>1</string>
            </dict>
            <dict>
                <key>id</key>
                <string>3114</string>
                <key>className</key>
                <string>PTModelAnimation</string>
                <key>Name</key>
                <dict>
                    <key>value</key>
                    <string></string>
                </dict>
                <key>duration</key>
                <string>0.033333</string>
                <key>animationSpeed</key>
                <string>1.000000</string>
                <key>looped</key>
                <string>1</string>
            </dict>
            <dict>
                <key>id</key>
                <string>3126</string>
                <key>className</key>
                <string>PTModelAnimation</string>
                <key>Name</key>
                <dict>
                    <key>value</key>
                    <string></string>
                </dict>
                <key>duration</key>
                <string>0.033333</string>
                <key>animationSpeed</key>
                <string>1.000000</string>
                <key>looped</key>
                <string>1</string>
            </dict>
            <dict>
                <key>id</key>
                <string>3136</string>
                <key>className</key>
                <string>PTModelAnimation</string>
                <key>Name</key>
                <dict>
                    <key>value</key>
                    <string></string>
                </dict>
                <key>duration</key>
                <string>0.033333</string>
                <key>animationSpeed</key>
                <string>1.000000</string>
                <key>looped</key>
                <string>1</string>
            </dict>
            <dict>
                <key>id</key>
                <string>3145</string>
                <key>className</key>
                <string>PTModelAnimation</string>
                <key>Name</key>
                <dict>
                    <key>value</key>
                    <string></string>
                </dict>
                <key>duration</key>
                <string>0.033333</string>
                <key>animationSpeed</key>
                <string>1.000000</string>
                <key>looped</key>
                <string>1</string>
            </dict>
            <dict>
                <key>id</key>
                <string>3154</string>
                <key>className</key>
                <string>PTModelAnimation</string>
                <key>Name</key>
                <dict>
                    <key>value</key>
                    <string></string>
                </dict>
                <key>duration</key>
                <string>0.033333</string>
                <key>animationSpeed</key>
                <string>1.000000</string>
                <key>looped</key>
                <string>1</string>
            </dict>
            <dict>
                <key>id</key>
                <string>3163</string>
                <key>className</key>
                <string>PTModelAnimation</string>
                <key>Name</key>
                <dict>
                    <key>value</key>
                    <string></string>
                </dict>
                <key>duration</key>
                <string>0.033333</string>
                <key>animationSpeed</key>
                <string>1.000000</string>
                <key>looped</key>
                <string>1</string>
            </dict>
            <dict>
                <key>id</key>
                <string>3172</string>
                <key>className</key>
                <string>PTModelAnimation</string>
                <key>Name</key>
                <dict>
                    <key>value</key>
                    <string></string>
                </dict>
                <key>duration</key>
                <string>0.033333</string>
                <key>animationSpeed</key>
                <string>1.000000</string>
                <key>looped</key>
                <string>1</string>
            </dict>
            <dict>
                <key>id</key>
                <string>3181</string>
                <key>className</key>
                <string>PTModelAnimation</string>
                <key>Name</key>
                <dict>
                    <key>value</key>
                    <string></string>
                </dict>
                <key>duration</key>
                <string>0.033333</string>
                <key>animationSpeed</key>
                <string>1.000000</string>
                <key>looped</key>
                <string>1</string>
            </dict>
            <dict>
                <key>id</key>
                <string>3190</string>
                <key>className</key>
                <string>PTModelAnimation</string>
                <key>Name</key>
                <dict>
                    <key>value</key>
                    <string></string>
                </dict>
                <key>duration</key>
                <string>0.033333</string>
                <key>animationSpeed</key>
                <string>1.000000</string>
                <key>looped</key>
                <string>1</string>
            </dict>
            <dict>
                <key>id</key>
                <string>3199</string>
                <key>className</key>
                <string>PTModelAnimation</string>
                <key>Name</key>
                <dict>
                    <key>value</key>
                    <string></string>
                </dict>
                <key>duration</key>
                <string>0.033333</string>
                <key>animationSpeed</key>
                <string>1.000000</string>
                <key>looped</key>
                <string>1</string>
            </dict>
            <dict>
                <key>id</key>
                <string>3208</string>
                <key>className</key>
                <string>PTModelAnimation</string>
                <key>Name</key>
                <dict>
                    <key>value</key>
                    <string></string>
                </dict>
                <key>duration</key>
                <string>0.033333</string>
                <key>animationSpeed</key>
                <string>1.000000</string>
                <key>looped</key>
                <string>1</string>
            </dict>
            <dict>
                <key>id</key>
                <string>3217</string>
                <key>className</key>
                <string>PTModelAnimation</string>
                <key>Name</key>
                <dict>
                    <key>value</key>
                    <string></string>
                </dict>
                <key>duration</key>
                <string>0.033333</string>
                <key>animationSpeed</key>
                <string>1.000000</string>
                <key>looped</key>
                <string>1</string>
            </dict>
            <dict>
                <key>id</key>
                <string>3226</string>
                <key>className</key>
                <string>PTModelAnimation</string>
                <key>Name</key>
                <dict>
                    <key>value</key>
                    <string></string>
                </dict>
                <key>duration</key>
                <string>0.033333</string>
                <key>animationSpeed</key>
                <string>1.000000</string>
                <key>looped</key>
                <string>1</string>
            </dict>
            <dict>
                <key>id</key>
                <string>3235</string>
                <key>className</key>
                <string>PTModelAnimation</string>
                <key>Name</key>
                <dict>
                    <key>value</key>
                    <string></string>
                </dict>
                <key>duration</key>
                <string>0.033333</string>
                <key>animationSpeed</key>
                <string>1.000000</string>
                <key>looped</key>
                <string>1</string>
            </dict>
            <dict>
                <key>id</key>
                <string>3244</string>
                <key>className</key>
                <string>PTModelAnimation</string>
                <key>Name</key>
                <dict>
                    <key>value</key>
                    <string></string>
                </dict>
                <key>duration</key>
                <string>0.033333</string>
                <key>animationSpeed</key>
                <string>1.000000</string>
                <key>looped</key>
                <string>1</string>
            </dict>
            <dict>
                <key>id</key>
                <string>3255</string>
                <key>className</key>
                <string>PTModelAnimation</string>
                <key>Name</key>
                <dict>
                    <key>value</key>
                    <string></string>
                </dict>
                <key>duration</key>
                <string>0.033333</string>
                <key>animationSpeed</key>
                <string>1.000000</string>
                <key>looped</key>
                <string>1</string>
            </dict>
            <dict>
                <key>id</key>
                <string>3267</string>
                <key>className</key>
                <string>PTModelAnimation</string>
                <key>Name</key>
                <dict>
                    <key>value</key>
                    <string></string>
                </dict>
                <key>duration</key>
                <string>0.033333</string>
                <key>animationSpeed</key>
                <string>1.000000</string>
                <key>looped</key>
                <string>1</string>
            </dict>
            <dict>
                <key>id</key>
                <string>3277</string>
                <key>className</key>
                <string>PTModelAnimation</string>
                <key>Name</key>
                <dict>
                    <key>value</key>
                    <string></string>
                </dict>
                <key>duration</key>
                <string>0.033333</string>
                <key>animationSpeed</key>
                <string>1.000000</string>
                <key>looped</key>
                <string>1</string>
            </dict>
            <dict>
                <key>id</key>
                <string>3286</string>
                <key>className</key>
                <string>PTModelAnimation</string>
                <key>Name</key>
                <dict>
                    <key>value</key>
                    <string></string>
                </dict>
                <key>duration</key>
                <string>0.033333</string>
                <key>animationSpeed</key>
                <string>1.000000</string>
                <key>looped</key>
                <string>1</string>
            </dict>
            <dict>
                <key>id</key>
                <string>3295</string>
                <key>className</key>
                <string>PTModelAnimation</string>
                <key>Name</key>
                <dict>
                    <key>value</key>
                    <string></string>
                </dict>
                <key>duration</key>
                <string>0.033333</string>
                <key>animationSpeed</key>
                <string>1.000000</string>
                <key>looped</key>
                <string>1</string>
            </dict>
            <dict>
                <key>id</key>
                <string>3325</string>
                <key>className</key>
                <string>PTModelAnimation</string>
                <key>Name</key>
                <dict>
                    <key>value</key>
                    <string></string>
                </dict>
                <key>duration</key>
                <string>0.033333</string>
                <key>animationSpeed</key>
                <string>1.000000</string>
                <key>looped</key>
                <string>1</string>
            </dict>
            <dict>
                <key>id</key>
                <string>3334</string>
                <key>className</key>
                <string>PTModelAnimation</string>
                <key>Name</key>
                <dict>
                    <key>value</key>
                    <string></string>
                </dict>
                <key>duration</key>
                <string>0.033333</string>
                <key>animationSpeed</key>
                <string>1.000000</string>
                <key>looped</key>
                <string>1</string>
            </dict>
            <dict>
                <key>id</key>
                <string>3343</string>
                <key>className</key>
                <string>PTModelAnimation</string>
                <key>Name</key>
                <dict>
                    <key>value</key>
                    <string></string>
                </dict>
                <key>duration</key>
                <string>0.033333</string>
                <key>animationSpeed</key>
                <string>1.000000</string>
                <key>looped</key>
                <string>1</string>
            </dict>
            <dict>
                <key>id</key>
                <string>3352</string>
                <key>className</key>
                <string>PTModelAnimation</string>
                <key>Name</key>
                <dict>
                    <key>value</key>
                    <string></string>
                </dict>
                <key>duration</key>
                <string>0.033333</string>
                <key>animationSpeed</key>
                <string>1.000000</string>
                <key>looped</key>
                <string>1</string>
            </dict>
            <dict>
                <key>id</key>
                <string>3361</string>
                <key>className</key>
                <string>PTModelAnimation</string>
                <key>Name</key>
                <dict>
                    <key>value</key>
                    <string></string>
                </dict>
                <key>duration</key>
                <string>0.033333</string>
                <key>animationSpeed</key>
                <string>1.000000</string>
                <key>looped</key>
                <string>1</string>
            </dict>
            <dict>
                <key>id</key>
                <string>3497</string>
                <key>className</key>
                <string>PTModelAnimation</string>
                <key>Name</key>
                <dict>
                    <key>value</key>
                    <string></string>
                </dict>
                <key>duration</key>
                <string>0.033333</string>
                <key>animationSpeed</key>
                <string>1.000000</string>
                <key>looped</key>
                <string>1</string>
            </dict>
            <dict>
                <key>id</key>
                <string>3507</string>
                <key>className</key>
                <string>PTModelAnimation</string>
                <key>Name</key>
                <dict>
                    <key>value</key>
                    <string></string>
                </dict>
                <key>duration</key>
                <string>0.033333</string>
                <key>animationSpeed</key>
                <string>1.000000</string>
                <key>looped</key>
                <string>1</string>
            </dict>
            <dict>
                <key>id</key>
                <string>3516</string>
                <key>className</key>
                <string>PTModelAnimation</string>
                <key>Name</key>
                <dict>
                    <key>value</key>
                    <string></string>
                </dict>
                <key>duration</key>
                <string>0.033333</string>
                <key>animationSpeed</key>
                <string>1.000000</string>
                <key>looped</key>
                <string>1</string>
            </dict>
            <dict>
                <key>id</key>
                <string>3525</string>
                <key>className</key>
                <string>PTModelAnimation</string>
                <key>Name</key>
                <dict>
                    <key>value</key>
                    <string></string>
                </dict>
                <key>duration</key>
                <string>0.033333</string>
                <key>animationSpeed</key>
                <string>1.000000</string>
                <key>looped</key>
                <string>1</string>
            </dict>
            <dict>
                <key>id</key>
                <string>3534</string>
                <key>className</key>
                <string>PTModelAnimation</string>
                <key>Name</key>
                <dict>
                    <key>value</key>
                    <string></string>
                </dict>
                <key>duration</key>
                <string>0.033333</string>
                <key>animationSpeed</key>
                <string>1.000000</string>
                <key>looped</key>
                <string>1</string>
            </dict>
            <dict>
                <key>id</key>
                <string>3543</string>
                <key>className</key>
                <string>PTModelAnimation</string>
                <key>Name</key>
                <dict>
                    <key>value</key>
                    <string></string>
                </dict>
                <key>duration</key>
                <string>0.033333</string>
                <key>animationSpeed</key>
                <string>1.000000</string>
                <key>looped</key>
                <string>1</string>
            </dict>
            <dict>
                <key>id</key>
                <string>3559</string>
                <key>className</key>
                <string>PTModelAnimation</string>
                <key>Name</key>
                <dict>
                    <key>value</key>
                    <string></string>
                </dict>
                <key>duration</key>
                <string>0.033333</string>
                <key>animationSpeed</key>
                <string>1.000000</string>
                <key>looped</key>
                <string>1</string>
            </dict>
            <dict>
                <key>id</key>
                <string>3579</string>
                <key>className</key>
                <string>PTModelAnimation</string>
                <key>Name</key>
                <dict>
                    <key>value</key>
                    <string></string>
                </dict>
                <key>duration</key>
                <string>0.033333</string>
                <key>animationSpeed</key>
                <string>1.000000</string>
                <key>looped</key>
                <string>1</string>
            </dict>
            <dict>
                <key>id</key>
                <string>3588</string>
                <key>className</key>
                <string>PTModelAnimation</string>
                <key>Name</key>
                <dict>
                    <key>value</key>
                    <string></string>
                </dict>
                <key>duration</key>
                <string>0.033333</string>
                <key>animationSpeed</key>
                <string>1.000000</string>
                <key>looped</key>
                <string>1</string>
            </dict>
            <dict>
                <key>id</key>
                <string>3598</string>
                <key>className</key>
                <string>PTModelAnimation</string>
                <key>Name</key>
                <dict>
                    <key>value</key>
                    <string></string>
                </dict>
                <key>duration</key>
                <string>0.033333</string>
                <key>animationSpeed</key>
                <string>1.000000</string>
                <key>looped</key>
                <string>1</string>
            </dict>
            <dict>
                <key>id</key>
                <string>3628</string>
                <key>className</key>
                <string>PTModelAnimation</string>
                <key>Name</key>
                <dict>
                    <key>value</key>
                    <string></string>
                </dict>
                <key>duration</key>
                <string>0.033333</string>
                <key>animationSpeed</key>
                <string>1.000000</string>
                <key>looped</key>
                <string>1</string>
            </dict>
            <dict>
                <key>id</key>
                <string>3908</string>
                <key>className</key>
                <string>PTModelAnimation</string>
                <key>Name</key>
                <dict>
                    <key>value</key>
                    <string></string>
                </dict>
                <key>duration</key>
                <string>0.033333</string>
                <key>animationSpeed</key>
                <string>1.000000</string>
                <key>looped</key>
                <string>1</string>
            </dict>
            <dict>
                <key>id</key>
                <string>4002</string>
                <key>className</key>
                <string>PTModelAnimation</string>
                <key>Name</key>
                <dict>
                    <key>value</key>
                    <string></string>
                </dict>
                <key>duration</key>
                <string>0.033333</string>
                <key>animationSpeed</key>
                <string>1.000000</string>
                <key>looped</key>
                <string>1</string>
            </dict>
            <dict>
                <key>id</key>
                <string>4071</string>
                <key>className</key>
                <string>PTModelAnimation</string>
                <key>Name</key>
                <dict>
                    <key>value</key>
                    <string></string>
                </dict>
                <key>duration</key>
                <string>0.033333</string>
                <key>animationSpeed</key>
                <string>1.000000</string>
                <key>looped</key>
                <string>1</string>
            </dict>
            <dict>
                <key>id</key>
                <string>4080</string>
                <key>className</key>
                <string>PTModelAnimation</string>
                <key>Name</key>
                <dict>
                    <key>value</key>
                    <string></string>
                </dict>
                <key>duration</key>
                <string>0.033333</string>
                <key>animationSpeed</key>
                <string>1.000000</string>
                <key>looped</key>
                <string>1</string>
            </dict>
            <dict>
                <key>id</key>
                <string>4132</string>
                <key>className</key>
                <string>PTModelAnimation</string>
                <key>Name</key>
                <dict>
                    <key>value</key>
                    <string></string>
                </dict>
                <key>duration</key>
                <string>0.200000</string>
                <key>animationSpeed</key>
                <string>1.000000</string>
                <key>looped</key>
                <string>1</string>
            </dict>
            <dict>
                <key>id</key>
                <string>4258</string>
                <key>className</key>
                <string>PTModelAnimation</string>
                <key>Name</key>
                <dict>
                    <key>value</key>
                    <string></string>
                </dict>
                <key>duration</key>
                <string>0.033333</string>
                <key>animationSpeed</key>
                <string>1.000000</string>
                <key>looped</key>
                <string>1</string>
            </dict>
            <dict>
                <key>id</key>
                <string>4267</string>
                <key>className</key>
                <string>PTModelAnimation</string>
                <key>Name</key>
                <dict>
                    <key>value</key>
                    <string></string>
                </dict>
                <key>duration</key>
                <string>0.033333</string>
                <key>animationSpeed</key>
                <string>1.000000</string>
                <key>looped</key>
                <string>1</string>
            </dict>
            <dict>
                <key>id</key>
                <string>4276</string>
                <key>className</key>
                <string>PTModelAnimation</string>
                <key>Name</key>
                <dict>
                    <key>value</key>
                    <string></string>
                </dict>
                <key>duration</key>
                <string>0.033333</string>
                <key>animationSpeed</key>
                <string>1.000000</string>
                <key>looped</key>
                <string>1</string>
            </dict>
            <dict>
                <key>id</key>
                <string>4285</string>
                <key>className</key>
                <string>PTModelAnimation</string>
                <key>Name</key>
                <dict>
                    <key>value</key>
                    <string></string>
                </dict>
                <key>duration</key>
                <string>0.033333</string>
                <key>animationSpeed</key>
                <string>1.000000</string>
                <key>looped</key>
                <string>1</string>
            </dict>
            <dict>
                <key>id</key>
                <string>4294</string>
                <key>className</key>
                <string>PTModelAnimation</string>
                <key>Name</key>
                <dict>
                    <key>value</key>
                    <string></string>
                </dict>
                <key>duration</key>
                <string>0.033333</string>
                <key>animationSpeed</key>
                <string>1.000000</string>
                <key>looped</key>
                <string>1</string>
            </dict>
            <dict>
                <key>id</key>
                <string>4303</string>
                <key>className</key>
                <string>PTModelAnimation</string>
                <key>Name</key>
                <dict>
                    <key>value</key>
                    <string></string>
                </dict>
                <key>duration</key>
                <string>0.033333</string>
                <key>animationSpeed</key>
                <string>1.000000</string>
                <key>looped</key>
                <string>1</string>
            </dict>
            <dict>
                <key>id</key>
                <string>4351</string>
                <key>className</key>
                <string>PTModelAnimation</string>
                <key>Name</key>
                <dict>
                    <key>value</key>
                    <string></string>
                </dict>
                <key>duration</key>
                <string>0.033333</string>
                <key>animationSpeed</key>
                <string>1.000000</string>
                <key>looped</key>
                <string>1</string>
            </dict>
            <dict>
                <key>id</key>
                <string>4415</string>
                <key>className</key>
                <string>PTModelAnimation</string>
                <key>Name</key>
                <dict>
                    <key>value</key>
                    <string></string>
                </dict>
                <key>duration</key>
                <string>0.033333</string>
                <key>animationSpeed</key>
                <string>1.000000</string>
                <key>looped</key>
                <string>1</string>
            </dict>
            <dict>
                <key>id</key>
                <string>4424</string>
                <key>className</key>
                <string>PTModelAnimation</string>
                <key>Name</key>
                <dict>
                    <key>value</key>
                    <string></string>
                </dict>
                <key>duration</key>
                <string>0.033333</string>
                <key>animationSpeed</key>
                <string>1.000000</string>
                <key>looped</key>
                <string>1</string>
            </dict>
        </array>
    </dict>
</plist>
