<?xml version="1.0" encoding="UTF-8"?>
<!DOCTYPE plist PUBLIC "-//Apple//DTD PLIST 1.0//EN" "http://www.apple.com/DTDs/PropertyList-1.0.dtd"/>

<plist version="1.0">
    <dict>
        <key>ROOT</key>
        <array>
            <dict>
                <key>id</key>
                <string>426</string>
                <key>className</key>
                <string>PTModelObjectLabel</string>
                <key>Name</key>
                <dict>
                    <key>value</key>
                    <string>Default Font</string>
                </dict>
                <key>Position</key>
                <dict>
                    <key>value</key>
                    <string>{475.140,80.090}</string>
                </dict>
                <key>Scale</key>
                <dict>
                    <key>value</key>
                    <string>{1.000,1.000}</string>
                </dict>
                <key>Hidden</key>
                <dict>
                    <key>visible</key>
                    <string>0</string>
                </dict>
                <key>Locked</key>
                <dict>
                    <key>visible</key>
                    <string>0</string>
                </dict>
                <key>Action</key>
                <dict>
                    <key>selectedStringValue</key>
                    <string>kCustomVector</string>
                </dict>
                <key>World</key>
                <dict>
                    <key>visible</key>
                    <string>0</string>
                    <key>selectedStringValue</key>
                    <string>kGlobal</string>
                </dict>
                <key>Score Type</key>
                <dict>
                    <key>visible</key>
                    <string>0</string>
                    <key>selectedStringValue</key>
                    <string>kScoreDistance</string>
                </dict>
                <key>Amount</key>
                <dict>
                    <key>visible</key>
                    <string>0</string>
                    <key>selectedStringValue</key>
                    <string>kScoreBest</string>
                </dict>
                <key>Alignment</key>
                <dict>
                    <key>visible</key>
                    <string>0</string>
                    <key>selectedStringValue</key>
                    <string>kCCTextAlignmentLeft</string>
                </dict>
                <key>Text</key>
                <dict>
                    <key>value</key>
                    <string>This object has Wake Up set to Collision.  When you touch it, it will move.</string>
                </dict>
                <key>Font</key>
                <dict>
                    <key>selectedStringValue</key>
                    <string>2</string>
                </dict>
                <key>zDepth</key>
                <string>507</string>
                <key>calculatedSize</key>
                <string>{810.000,28.000}</string>
            </dict>
            <dict>
                <key>id</key>
                <string>429</string>
                <key>className</key>
                <string>PTModelObjectLabel</string>
                <key>Name</key>
                <dict>
                    <key>value</key>
                    <string>Default Font</string>
                </dict>
                <key>Position</key>
                <dict>
                    <key>value</key>
                    <string>{263.710,63.368}</string>
                </dict>
                <key>Scale</key>
                <dict>
                    <key>value</key>
                    <string>{1.000,1.000}</string>
                </dict>
                <key>Hidden</key>
                <dict>
                    <key>visible</key>
                    <string>0</string>
                </dict>
                <key>Locked</key>
                <dict>
                    <key>visible</key>
                    <string>0</string>
                </dict>
                <key>Action</key>
                <dict>
                    <key>selectedStringValue</key>
                    <string>kCustomVector</string>
                </dict>
                <key>World</key>
                <dict>
                    <key>visible</key>
                    <string>0</string>
                    <key>selectedStringValue</key>
                    <string>kGlobal</string>
                </dict>
                <key>Score Type</key>
                <dict>
                    <key>visible</key>
                    <string>0</string>
                    <key>selectedStringValue</key>
                    <string>kScoreDistance</string>
                </dict>
                <key>Amount</key>
                <dict>
                    <key>visible</key>
                    <string>0</string>
                    <key>selectedStringValue</key>
                    <string>kScoreBest</string>
                </dict>
                <key>Alignment</key>
                <dict>
                    <key>visible</key>
                    <string>0</string>
                    <key>selectedStringValue</key>
                    <string>kCCTextAlignmentLeft</string>
                </dict>
                <key>Text</key>
                <dict>
                    <key>value</key>
                    <string>Use Arrow Keys to move and J for jump.</string>
                </dict>
                <key>Font</key>
                <dict>
                    <key>selectedStringValue</key>
                    <string>2</string>
                </dict>
                <key>zDepth</key>
                <string>501</string>
                <key>calculatedSize</key>
                <string>{446.000,28.000}</string>
            </dict>
            <dict>
                <key>id</key>
                <string>461</string>
                <key>className</key>
                <string>PTModelObjectLabel</string>
                <key>Name</key>
                <dict>
                    <key>value</key>
                    <string>Default Font</string>
                </dict>
                <key>Position</key>
                <dict>
                    <key>value</key>
                    <string>{479.360,77.280}</string>
                </dict>
                <key>Scale</key>
                <dict>
                    <key>value</key>
                    <string>{1.000,1.000}</string>
                </dict>
                <key>Hidden</key>
                <dict>
                    <key>visible</key>
                    <string>0</string>
                </dict>
                <key>Locked</key>
                <dict>
                    <key>visible</key>
                    <string>0</string>
                </dict>
                <key>Action</key>
                <dict>
                    <key>selectedStringValue</key>
                    <string>kCustomVector</string>
                </dict>
                <key>World</key>
                <dict>
                    <key>visible</key>
                    <string>0</string>
                    <key>selectedStringValue</key>
                    <string>kGlobal</string>
                </dict>
                <key>Score Type</key>
                <dict>
                    <key>visible</key>
                    <string>0</string>
                    <key>selectedStringValue</key>
                    <string>kScoreDistance</string>
                </dict>
                <key>Amount</key>
                <dict>
                    <key>visible</key>
                    <string>0</string>
                    <key>selectedStringValue</key>
                    <string>kScoreBest</string>
                </dict>
                <key>Alignment</key>
                <dict>
                    <key>visible</key>
                    <string>0</string>
                    <key>selectedStringValue</key>
                    <string>kCCTextAlignmentLeft</string>
                </dict>
                <key>Text</key>
                <dict>
                    <key>value</key>
                    <string>This object has "Wake Up" set to Collision.  When you touch it, it will move.</string>
                </dict>
                <key>Font</key>
                <dict>
                    <key>selectedStringValue</key>
                    <string>2</string>
                </dict>
                <key>zDepth</key>
                <string>505</string>
                <key>calculatedSize</key>
                <string>{828.000,28.000}</string>
            </dict>
            <dict>
                <key>id</key>
                <string>463</string>
                <key>className</key>
                <string>PTModelObjectLabel</string>
                <key>Name</key>
                <dict>
                    <key>value</key>
                    <string>Default Font</string>
                </dict>
                <key>Position</key>
                <dict>
                    <key>value</key>
                    <string>{998.502,144.122}</string>
                </dict>
                <key>Scale</key>
                <dict>
                    <key>value</key>
                    <string>{1.000,1.000}</string>
                </dict>
                <key>Hidden</key>
                <dict>
                    <key>visible</key>
                    <string>0</string>
                </dict>
                <key>Locked</key>
                <dict>
                    <key>visible</key>
                    <string>0</string>
                </dict>
                <key>Action</key>
                <dict>
                    <key>selectedStringValue</key>
                    <string>kCustomVector</string>
                </dict>
                <key>World</key>
                <dict>
                    <key>visible</key>
                    <string>0</string>
                    <key>selectedStringValue</key>
                    <string>kGlobal</string>
                </dict>
                <key>Score Type</key>
                <dict>
                    <key>visible</key>
                    <string>0</string>
                    <key>selectedStringValue</key>
                    <string>kScoreDistance</string>
                </dict>
                <key>Amount</key>
                <dict>
                    <key>visible</key>
                    <string>0</string>
                    <key>selectedStringValue</key>
                    <string>kScoreBest</string>
                </dict>
                <key>Alignment</key>
                <dict>
                    <key>visible</key>
                    <string>0</string>
                    <key>selectedStringValue</key>
                    <string>kCCTextAlignmentLeft</string>
                </dict>
                <key>Text</key>
                <dict>
                    <key>value</key>
                    <string>This logic piece will stop the platform.</string>
                </dict>
                <key>Font</key>
                <dict>
                    <key>selectedStringValue</key>
                    <string>2</string>
                </dict>
                <key>zDepth</key>
                <string>508</string>
                <key>calculatedSize</key>
                <string>{414.000,28.000}</string>
            </dict>
            <dict>
                <key>id</key>
                <string>475</string>
                <key>className</key>
                <string>PTModelObjectLabel</string>
                <key>Name</key>
                <dict>
                    <key>value</key>
                    <string>Default Font</string>
                </dict>
                <key>Position</key>
                <dict>
                    <key>value</key>
                    <string>{1461.872,63.375}</string>
                </dict>
                <key>Scale</key>
                <dict>
                    <key>value</key>
                    <string>{1.000,1.000}</string>
                </dict>
                <key>Hidden</key>
                <dict>
                    <key>visible</key>
                    <string>0</string>
                </dict>
                <key>Locked</key>
                <dict>
                    <key>visible</key>
                    <string>0</string>
                </dict>
                <key>Action</key>
                <dict>
                    <key>selectedStringValue</key>
                    <string>kCustomVector</string>
                </dict>
                <key>World</key>
                <dict>
                    <key>visible</key>
                    <string>0</string>
                    <key>selectedStringValue</key>
                    <string>kGlobal</string>
                </dict>
                <key>Score Type</key>
                <dict>
                    <key>visible</key>
                    <string>0</string>
                    <key>selectedStringValue</key>
                    <string>kScoreDistance</string>
                </dict>
                <key>Amount</key>
                <dict>
                    <key>visible</key>
                    <string>0</string>
                    <key>selectedStringValue</key>
                    <string>kScoreBest</string>
                </dict>
                <key>Alignment</key>
                <dict>
                    <key>visible</key>
                    <string>0</string>
                    <key>selectedStringValue</key>
                    <string>kCCTextAlignmentLeft</string>
                </dict>
                <key>Text</key>
                <dict>
                    <key>value</key>
                    <string>This physics object has Wake Up Distance.</string>
                </dict>
                <key>Font</key>
                <dict>
                    <key>selectedStringValue</key>
                    <string>2</string>
                </dict>
                <key>zDepth</key>
                <string>509</string>
                <key>calculatedSize</key>
                <string>{479.000,28.000}</string>
            </dict>
            <dict>
                <key>id</key>
                <string>499</string>
                <key>className</key>
                <string>PTModelObjectLabel</string>
                <key>Name</key>
                <dict>
                    <key>value</key>
                    <string>Default Font</string>
                </dict>
                <key>Position</key>
                <dict>
                    <key>value</key>
                    <string>{2021.616,613.616}</string>
                </dict>
                <key>Scale</key>
                <dict>
                    <key>value</key>
                    <string>{1.000,1.000}</string>
                </dict>
                <key>Hidden</key>
                <dict>
                    <key>visible</key>
                    <string>0</string>
                </dict>
                <key>Locked</key>
                <dict>
                    <key>visible</key>
                    <string>0</string>
                </dict>
                <key>Action</key>
                <dict>
                    <key>selectedStringValue</key>
                    <string>kCustomVector</string>
                </dict>
                <key>World</key>
                <dict>
                    <key>visible</key>
                    <string>0</string>
                    <key>selectedStringValue</key>
                    <string>kGlobal</string>
                </dict>
                <key>Score Type</key>
                <dict>
                    <key>visible</key>
                    <string>0</string>
                    <key>selectedStringValue</key>
                    <string>kScoreDistance</string>
                </dict>
                <key>Amount</key>
                <dict>
                    <key>visible</key>
                    <string>0</string>
                    <key>selectedStringValue</key>
                    <string>kScoreBest</string>
                </dict>
                <key>Alignment</key>
                <dict>
                    <key>visible</key>
                    <string>0</string>
                    <key>selectedStringValue</key>
                    <string>kCCTextAlignmentLeft</string>
                </dict>
                <key>Text</key>
                <dict>
                    <key>value</key>
                    <string>This light effect will cast a shadow.</string>
                </dict>
                <key>Font</key>
                <dict>
                    <key>selectedStringValue</key>
                    <string>2</string>
                </dict>
                <key>zDepth</key>
                <string>519</string>
                <key>calculatedSize</key>
                <string>{382.000,28.000}</string>
            </dict>
            <dict>
                <key>id</key>
                <string>513</string>
                <key>className</key>
                <string>PTModelObjectLabel</string>
                <key>Name</key>
                <dict>
                    <key>value</key>
                    <string>Default Font</string>
                </dict>
                <key>Position</key>
                <dict>
                    <key>value</key>
                    <string>{277.560,75.400}</string>
                </dict>
                <key>Scale</key>
                <dict>
                    <key>value</key>
                    <string>{1.000,1.000}</string>
                </dict>
                <key>Hidden</key>
                <dict>
                    <key>visible</key>
                    <string>0</string>
                </dict>
                <key>Locked</key>
                <dict>
                    <key>visible</key>
                    <string>0</string>
                </dict>
                <key>Action</key>
                <dict>
                    <key>selectedStringValue</key>
                    <string>kCustomVector</string>
                </dict>
                <key>World</key>
                <dict>
                    <key>visible</key>
                    <string>0</string>
                    <key>selectedStringValue</key>
                    <string>kGlobal</string>
                </dict>
                <key>Score Type</key>
                <dict>
                    <key>visible</key>
                    <string>0</string>
                    <key>selectedStringValue</key>
                    <string>kScoreDistance</string>
                </dict>
                <key>Amount</key>
                <dict>
                    <key>visible</key>
                    <string>0</string>
                    <key>selectedStringValue</key>
                    <string>kScoreBest</string>
                </dict>
                <key>Alignment</key>
                <dict>
                    <key>visible</key>
                    <string>0</string>
                    <key>selectedStringValue</key>
                    <string>kCCTextAlignmentLeft</string>
                </dict>
                <key>Text</key>
                <dict>
                    <key>value</key>
                    <string>Use Arrow Keys to move and J for jump.</string>
                </dict>
                <key>Font</key>
                <dict>
                    <key>selectedStringValue</key>
                    <string>2</string>
                </dict>
                <key>zDepth</key>
                <string>501</string>
                <key>calculatedSize</key>
                <string>{446.000,28.000}</string>
            </dict>
            <dict>
                <key>id</key>
                <string>515</string>
                <key>className</key>
                <string>PTModelObjectLabel</string>
                <key>Name</key>
                <dict>
                    <key>value</key>
                    <string>Default Font</string>
                </dict>
                <key>Position</key>
                <dict>
                    <key>value</key>
                    <string>{277.120,96.493}</string>
                </dict>
                <key>Scale</key>
                <dict>
                    <key>value</key>
                    <string>{1.000,1.000}</string>
                </dict>
                <key>Hidden</key>
                <dict>
                    <key>visible</key>
                    <string>0</string>
                </dict>
                <key>Locked</key>
                <dict>
                    <key>visible</key>
                    <string>0</string>
                </dict>
                <key>Action</key>
                <dict>
                    <key>selectedStringValue</key>
                    <string>kCustomVector</string>
                </dict>
                <key>World</key>
                <dict>
                    <key>visible</key>
                    <string>0</string>
                    <key>selectedStringValue</key>
                    <string>kGlobal</string>
                </dict>
                <key>Score Type</key>
                <dict>
                    <key>visible</key>
                    <string>0</string>
                    <key>selectedStringValue</key>
                    <string>kScoreDistance</string>
                </dict>
                <key>Amount</key>
                <dict>
                    <key>visible</key>
                    <string>0</string>
                    <key>selectedStringValue</key>
                    <string>kScoreBest</string>
                </dict>
                <key>Alignment</key>
                <dict>
                    <key>visible</key>
                    <string>0</string>
                    <key>selectedStringValue</key>
                    <string>kCCTextAlignmentLeft</string>
                </dict>
                <key>Text</key>
                <dict>
                    <key>value</key>
                    <string>This is your character in a platformer game.</string>
                </dict>
                <key>Font</key>
                <dict>
                    <key>selectedStringValue</key>
                    <string>2</string>
                </dict>
                <key>zDepth</key>
                <string>504</string>
                <key>calculatedSize</key>
                <string>{482.000,28.000}</string>
            </dict>
            <dict>
                <key>id</key>
                <string>594</string>
                <key>className</key>
                <string>PTModelObjectLabel</string>
                <key>Name</key>
                <dict>
                    <key>value</key>
                    <string>Default Font</string>
                </dict>
                <key>Position</key>
                <dict>
                    <key>value</key>
                    <string>{2602.055,124.285}</string>
                </dict>
                <key>Scale</key>
                <dict>
                    <key>value</key>
                    <string>{1.000,1.000}</string>
                </dict>
                <key>Hidden</key>
                <dict>
                    <key>visible</key>
                    <string>0</string>
                </dict>
                <key>Locked</key>
                <dict>
                    <key>visible</key>
                    <string>0</string>
                </dict>
                <key>Action</key>
                <dict>
                    <key>selectedStringValue</key>
                    <string>kCustomVector</string>
                </dict>
                <key>World</key>
                <dict>
                    <key>visible</key>
                    <string>0</string>
                    <key>selectedStringValue</key>
                    <string>kGlobal</string>
                </dict>
                <key>Score Type</key>
                <dict>
                    <key>visible</key>
                    <string>0</string>
                    <key>selectedStringValue</key>
                    <string>kScoreDistance</string>
                </dict>
                <key>Amount</key>
                <dict>
                    <key>visible</key>
                    <string>0</string>
                    <key>selectedStringValue</key>
                    <string>kScoreBest</string>
                </dict>
                <key>Alignment</key>
                <dict>
                    <key>visible</key>
                    <string>0</string>
                    <key>selectedStringValue</key>
                    <string>kCCTextAlignmentLeft</string>
                </dict>
                <key>Text</key>
                <dict>
                    <key>value</key>
                    <string>This is a Menu Jump Logic Piece.</string>
                </dict>
                <key>Font</key>
                <dict>
                    <key>selectedStringValue</key>
                    <string>2</string>
                </dict>
                <key>zDepth</key>
                <string>511</string>
                <key>calculatedSize</key>
                <string>{374.000,28.000}</string>
            </dict>
            <dict>
                <key>id</key>
                <string>596</string>
                <key>className</key>
                <string>PTModelObjectLabel</string>
                <key>Name</key>
                <dict>
                    <key>value</key>
                    <string>Default Font</string>
                </dict>
                <key>Position</key>
                <dict>
                    <key>value</key>
                    <string>{2669.643,93.081}</string>
                </dict>
                <key>Scale</key>
                <dict>
                    <key>value</key>
                    <string>{0.685,0.685}</string>
                </dict>
                <key>Hidden</key>
                <dict>
                    <key>visible</key>
                    <string>0</string>
                </dict>
                <key>Locked</key>
                <dict>
                    <key>visible</key>
                    <string>0</string>
                </dict>
                <key>Action</key>
                <dict>
                    <key>selectedStringValue</key>
                    <string>kCustomVector</string>
                </dict>
                <key>World</key>
                <dict>
                    <key>visible</key>
                    <string>0</string>
                    <key>selectedStringValue</key>
                    <string>kGlobal</string>
                </dict>
                <key>Score Type</key>
                <dict>
                    <key>visible</key>
                    <string>0</string>
                    <key>selectedStringValue</key>
                    <string>kScoreDistance</string>
                </dict>
                <key>Amount</key>
                <dict>
                    <key>visible</key>
                    <string>0</string>
                    <key>selectedStringValue</key>
                    <string>kScoreBest</string>
                </dict>
                <key>Alignment</key>
                <dict>
                    <key>visible</key>
                    <string>0</string>
                    <key>selectedStringValue</key>
                    <string>kCCTextAlignmentLeft</string>
                </dict>
                <key>Text</key>
                <dict>
                    <key>value</key>
                    <string>When character touches, it will transport to different menu screen.</string>
                </dict>
                <key>Font</key>
                <dict>
                    <key>selectedStringValue</key>
                    <string>2</string>
                </dict>
                <key>zDepth</key>
                <string>512</string>
                <key>calculatedSize</key>
                <string>{728.000,28.000}</string>
            </dict>
            <dict>
                <key>id</key>
                <string>605</string>
                <key>className</key>
                <string>PTModelObjectLabel</string>
                <key>Name</key>
                <dict>
                    <key>value</key>
                    <string>Default Font</string>
                </dict>
                <key>Position</key>
                <dict>
                    <key>value</key>
                    <string>{309.802,-56.908}</string>
                </dict>
                <key>Scale</key>
                <dict>
                    <key>value</key>
                    <string>{1.000,1.000}</string>
                </dict>
                <key>Hidden</key>
                <dict>
                    <key>visible</key>
                    <string>0</string>
                </dict>
                <key>Locked</key>
                <dict>
                    <key>visible</key>
                    <string>0</string>
                </dict>
                <key>Action</key>
                <dict>
                    <key>selectedStringValue</key>
                    <string>kCustomVector</string>
                </dict>
                <key>World</key>
                <dict>
                    <key>visible</key>
                    <string>0</string>
                    <key>selectedStringValue</key>
                    <string>kGlobal</string>
                </dict>
                <key>Score Type</key>
                <dict>
                    <key>visible</key>
                    <string>0</string>
                    <key>selectedStringValue</key>
                    <string>kScoreDistance</string>
                </dict>
                <key>Amount</key>
                <dict>
                    <key>visible</key>
                    <string>0</string>
                    <key>selectedStringValue</key>
                    <string>kScoreBest</string>
                </dict>
                <key>Alignment</key>
                <dict>
                    <key>visible</key>
                    <string>0</string>
                    <key>selectedStringValue</key>
                    <string>kCCTextAlignmentLeft</string>
                </dict>
                <key>Text</key>
                <dict>
                    <key>value</key>
                    <string>This bottom bar shows all of your scenes for this world.</string>
                </dict>
                <key>Font</key>
                <dict>
                    <key>selectedStringValue</key>
                    <string>2</string>
                </dict>
                <key>zDepth</key>
                <string>502</string>
                <key>calculatedSize</key>
                <string>{609.000,28.000}</string>
            </dict>
            <dict>
                <key>id</key>
                <string>610</string>
                <key>className</key>
                <string>PTModelObjectLabel</string>
                <key>Name</key>
                <dict>
                    <key>value</key>
                    <string>Default Font</string>
                </dict>
                <key>Position</key>
                <dict>
                    <key>value</key>
                    <string>{285.466,698.335}</string>
                </dict>
                <key>Scale</key>
                <dict>
                    <key>value</key>
                    <string>{1.000,1.000}</string>
                </dict>
                <key>Hidden</key>
                <dict>
                    <key>visible</key>
                    <string>0</string>
                </dict>
                <key>Locked</key>
                <dict>
                    <key>visible</key>
                    <string>0</string>
                </dict>
                <key>Action</key>
                <dict>
                    <key>selectedStringValue</key>
                    <string>kCustomVector</string>
                </dict>
                <key>World</key>
                <dict>
                    <key>visible</key>
                    <string>0</string>
                    <key>selectedStringValue</key>
                    <string>kGlobal</string>
                </dict>
                <key>Score Type</key>
                <dict>
                    <key>visible</key>
                    <string>0</string>
                    <key>selectedStringValue</key>
                    <string>kScoreDistance</string>
                </dict>
                <key>Amount</key>
                <dict>
                    <key>visible</key>
                    <string>0</string>
                    <key>selectedStringValue</key>
                    <string>kScoreBest</string>
                </dict>
                <key>Alignment</key>
                <dict>
                    <key>visible</key>
                    <string>0</string>
                    <key>selectedStringValue</key>
                    <string>kCCTextAlignmentLeft</string>
                </dict>
                <key>Text</key>
                <dict>
                    <key>value</key>
                    <string>This left bar shows all of your layers for this scene.</string>
                </dict>
                <key>Font</key>
                <dict>
                    <key>selectedStringValue</key>
                    <string>2</string>
                </dict>
                <key>zDepth</key>
                <string>503</string>
                <key>calculatedSize</key>
                <string>{560.000,28.000}</string>
            </dict>
            <dict>
                <key>id</key>
                <string>641</string>
                <key>className</key>
                <string>PTModelObjectLabel</string>
                <key>Name</key>
                <dict>
                    <key>value</key>
                    <string>Default Font</string>
                </dict>
                <key>Position</key>
                <dict>
                    <key>value</key>
                    <string>{732.640,499.480}</string>
                </dict>
                <key>Scale</key>
                <dict>
                    <key>value</key>
                    <string>{1.000,1.000}</string>
                </dict>
                <key>Hidden</key>
                <dict>
                    <key>visible</key>
                    <string>0</string>
                </dict>
                <key>Locked</key>
                <dict>
                    <key>visible</key>
                    <string>0</string>
                </dict>
                <key>Action</key>
                <dict>
                    <key>selectedStringValue</key>
                    <string>kCustomVector</string>
                </dict>
                <key>World</key>
                <dict>
                    <key>visible</key>
                    <string>0</string>
                    <key>selectedStringValue</key>
                    <string>kGlobal</string>
                </dict>
                <key>Score Type</key>
                <dict>
                    <key>visible</key>
                    <string>0</string>
                    <key>selectedStringValue</key>
                    <string>kScoreDistance</string>
                </dict>
                <key>Amount</key>
                <dict>
                    <key>visible</key>
                    <string>0</string>
                    <key>selectedStringValue</key>
                    <string>kScoreBest</string>
                </dict>
                <key>Alignment</key>
                <dict>
                    <key>visible</key>
                    <string>0</string>
                    <key>selectedStringValue</key>
                    <string>kCCTextAlignmentLeft</string>
                </dict>
                <key>Text</key>
                <dict>
                    <key>value</key>
                    <string>This particle generator makes cool effects.</string>
                </dict>
                <key>Font</key>
                <dict>
                    <key>selectedStringValue</key>
                    <string>2</string>
                </dict>
                <key>zDepth</key>
                <string>505</string>
                <key>calculatedSize</key>
                <string>{469.000,28.000}</string>
            </dict>
            <dict>
                <key>id</key>
                <string>755</string>
                <key>className</key>
                <string>PTModelObjectLabel</string>
                <key>Name</key>
                <dict>
                    <key>value</key>
                    <string>Default Font</string>
                </dict>
                <key>Position</key>
                <dict>
                    <key>value</key>
                    <string>{1362.585,32.539}</string>
                </dict>
                <key>Scale</key>
                <dict>
                    <key>value</key>
                    <string>{0.789,0.789}</string>
                </dict>
                <key>Hidden</key>
                <dict>
                    <key>visible</key>
                    <string>0</string>
                </dict>
                <key>Locked</key>
                <dict>
                    <key>visible</key>
                    <string>0</string>
                </dict>
                <key>Action</key>
                <dict>
                    <key>selectedStringValue</key>
                    <string>kCustomVector</string>
                </dict>
                <key>World</key>
                <dict>
                    <key>visible</key>
                    <string>0</string>
                    <key>selectedStringValue</key>
                    <string>kGlobal</string>
                </dict>
                <key>Score Type</key>
                <dict>
                    <key>visible</key>
                    <string>0</string>
                    <key>selectedStringValue</key>
                    <string>kScoreDistance</string>
                </dict>
                <key>Amount</key>
                <dict>
                    <key>visible</key>
                    <string>0</string>
                    <key>selectedStringValue</key>
                    <string>kScoreBest</string>
                </dict>
                <key>Alignment</key>
                <dict>
                    <key>visible</key>
                    <string>0</string>
                    <key>selectedStringValue</key>
                    <string>kCCTextAlignmentLeft</string>
                </dict>
                <key>Text</key>
                <dict>
                    <key>value</key>
                    <string>It will move when you get near.</string>
                </dict>
                <key>Font</key>
                <dict>
                    <key>selectedStringValue</key>
                    <string>2</string>
                </dict>
                <key>zDepth</key>
                <string>510</string>
                <key>calculatedSize</key>
                <string>{342.000,28.000}</string>
            </dict>
            <dict>
                <key>id</key>
                <string>935</string>
                <key>className</key>
                <string>PTModelObjectLabel</string>
                <key>Name</key>
                <dict>
                    <key>value</key>
                    <string>Default Font</string>
                </dict>
                <key>Position</key>
                <dict>
                    <key>value</key>
                    <string>{2669.643,69.883}</string>
                </dict>
                <key>Scale</key>
                <dict>
                    <key>value</key>
                    <string>{0.685,0.685}</string>
                </dict>
                <key>Hidden</key>
                <dict>
                    <key>visible</key>
                    <string>0</string>
                </dict>
                <key>Locked</key>
                <dict>
                    <key>visible</key>
                    <string>0</string>
                </dict>
                <key>Action</key>
                <dict>
                    <key>selectedStringValue</key>
                    <string>kCustomVector</string>
                </dict>
                <key>World</key>
                <dict>
                    <key>visible</key>
                    <string>0</string>
                    <key>selectedStringValue</key>
                    <string>kGlobal</string>
                </dict>
                <key>Score Type</key>
                <dict>
                    <key>visible</key>
                    <string>0</string>
                    <key>selectedStringValue</key>
                    <string>kScoreDistance</string>
                </dict>
                <key>Amount</key>
                <dict>
                    <key>visible</key>
                    <string>0</string>
                    <key>selectedStringValue</key>
                    <string>kScoreBest</string>
                </dict>
                <key>Alignment</key>
                <dict>
                    <key>visible</key>
                    <string>0</string>
                    <key>selectedStringValue</key>
                    <string>kCCTextAlignmentLeft</string>
                </dict>
                <key>Text</key>
                <dict>
                    <key>value</key>
                    <string>Check the Menu Editor to see how we warp character to next level.</string>
                </dict>
                <key>Font</key>
                <dict>
                    <key>selectedStringValue</key>
                    <string>2</string>
                </dict>
                <key>zDepth</key>
                <string>513</string>
                <key>calculatedSize</key>
                <string>{741.000,28.000}</string>
            </dict>
            <dict>
                <key>id</key>
                <string>1035</string>
                <key>className</key>
                <string>PTModelObjectLabel</string>
                <key>Name</key>
                <dict>
                    <key>value</key>
                    <string>Default Font</string>
                </dict>
                <key>Position</key>
                <dict>
                    <key>value</key>
                    <string>{886.585,476.841}</string>
                </dict>
                <key>Scale</key>
                <dict>
                    <key>value</key>
                    <string>{1.000,1.000}</string>
                </dict>
                <key>Hidden</key>
                <dict>
                    <key>visible</key>
                    <string>0</string>
                </dict>
                <key>Locked</key>
                <dict>
                    <key>visible</key>
                    <string>0</string>
                </dict>
                <key>Action</key>
                <dict>
                    <key>selectedStringValue</key>
                    <string>kCustomVector</string>
                </dict>
                <key>World</key>
                <dict>
                    <key>visible</key>
                    <string>0</string>
                    <key>selectedStringValue</key>
                    <string>kGlobal</string>
                </dict>
                <key>Score Type</key>
                <dict>
                    <key>visible</key>
                    <string>0</string>
                    <key>selectedStringValue</key>
                    <string>kScoreDistance</string>
                </dict>
                <key>Amount</key>
                <dict>
                    <key>visible</key>
                    <string>0</string>
                    <key>selectedStringValue</key>
                    <string>kScoreBest</string>
                </dict>
                <key>Alignment</key>
                <dict>
                    <key>visible</key>
                    <string>0</string>
                    <key>selectedStringValue</key>
                    <string>kCCTextAlignmentLeft</string>
                </dict>
                <key>Text</key>
                <dict>
                    <key>value</key>
                    <string>This will take them </string>
                </dict>
                <key>Font</key>
                <dict>
                    <key>selectedStringValue</key>
                    <string>2</string>
                </dict>
                <key>zDepth</key>
                <string>502</string>
                <key>calculatedSize</key>
                <string>{213.000,28.000}</string>
            </dict>
            <dict>
                <key>id</key>
                <string>1110</string>
                <key>className</key>
                <string>PTModelObjectLabel</string>
                <key>Name</key>
                <dict>
                    <key>value</key>
                    <string>Default Font</string>
                </dict>
                <key>Position</key>
                <dict>
                    <key>value</key>
                    <string>{212.954,107.729}</string>
                </dict>
                <key>Scale</key>
                <dict>
                    <key>value</key>
                    <string>{1.000,1.000}</string>
                </dict>
                <key>Hidden</key>
                <dict>
                    <key>visible</key>
                    <string>0</string>
                </dict>
                <key>Locked</key>
                <dict>
                    <key>visible</key>
                    <string>0</string>
                </dict>
                <key>Action</key>
                <dict>
                    <key>selectedStringValue</key>
                    <string>kCustomVector</string>
                </dict>
                <key>World</key>
                <dict>
                    <key>visible</key>
                    <string>0</string>
                    <key>selectedStringValue</key>
                    <string>kGlobal</string>
                </dict>
                <key>Score Type</key>
                <dict>
                    <key>visible</key>
                    <string>0</string>
                    <key>selectedStringValue</key>
                    <string>kScoreDistance</string>
                </dict>
                <key>Amount</key>
                <dict>
                    <key>visible</key>
                    <string>0</string>
                    <key>selectedStringValue</key>
                    <string>kScoreBest</string>
                </dict>
                <key>Alignment</key>
                <dict>
                    <key>visible</key>
                    <string>0</string>
                    <key>selectedStringValue</key>
                    <string>kCCTextAlignmentLeft</string>
                </dict>
                <key>Text</key>
                <dict>
                    <key>value</key>
                    <string>This is a secret level.</string>
                </dict>
                <key>Font</key>
                <dict>
                    <key>selectedStringValue</key>
                    <string>2</string>
                </dict>
                <key>zDepth</key>
                <string>502</string>
                <key>calculatedSize</key>
                <string>{234.000,28.000}</string>
            </dict>
            <dict>
                <key>id</key>
                <string>1113</string>
                <key>className</key>
                <string>PTModelObjectLabel</string>
                <key>Name</key>
                <dict>
                    <key>value</key>
                    <string>Default Font</string>
                </dict>
                <key>Position</key>
                <dict>
                    <key>value</key>
                    <string>{182.513,109.520}</string>
                </dict>
                <key>Scale</key>
                <dict>
                    <key>value</key>
                    <string>{1.000,1.000}</string>
                </dict>
                <key>Hidden</key>
                <dict>
                    <key>visible</key>
                    <string>0</string>
                </dict>
                <key>Locked</key>
                <dict>
                    <key>visible</key>
                    <string>0</string>
                </dict>
                <key>Action</key>
                <dict>
                    <key>selectedStringValue</key>
                    <string>kCustomVector</string>
                </dict>
                <key>World</key>
                <dict>
                    <key>visible</key>
                    <string>0</string>
                    <key>selectedStringValue</key>
                    <string>kGlobal</string>
                </dict>
                <key>Score Type</key>
                <dict>
                    <key>visible</key>
                    <string>0</string>
                    <key>selectedStringValue</key>
                    <string>kScoreDistance</string>
                </dict>
                <key>Amount</key>
                <dict>
                    <key>visible</key>
                    <string>0</string>
                    <key>selectedStringValue</key>
                    <string>kScoreBest</string>
                </dict>
                <key>Alignment</key>
                <dict>
                    <key>visible</key>
                    <string>0</string>
                    <key>selectedStringValue</key>
                    <string>kCCTextAlignmentLeft</string>
                </dict>
                <key>Text</key>
                <dict>
                    <key>value</key>
                    <string>This is a secret level.</string>
                </dict>
                <key>Font</key>
                <dict>
                    <key>selectedStringValue</key>
                    <string>2</string>
                </dict>
                <key>zDepth</key>
                <string>501</string>
                <key>calculatedSize</key>
                <string>{234.000,28.000}</string>
            </dict>
            <dict>
                <key>id</key>
                <string>1133</string>
                <key>className</key>
                <string>PTModelObjectLabel</string>
                <key>Name</key>
                <dict>
                    <key>value</key>
                    <string>Default Font</string>
                </dict>
                <key>Position</key>
                <dict>
                    <key>value</key>
                    <string>{867.945,451.586}</string>
                </dict>
                <key>Scale</key>
                <dict>
                    <key>value</key>
                    <string>{1.000,1.000}</string>
                </dict>
                <key>Hidden</key>
                <dict>
                    <key>visible</key>
                    <string>0</string>
                </dict>
                <key>Locked</key>
                <dict>
                    <key>visible</key>
                    <string>0</string>
                </dict>
                <key>Action</key>
                <dict>
                    <key>selectedStringValue</key>
                    <string>kCustomVector</string>
                </dict>
                <key>World</key>
                <dict>
                    <key>visible</key>
                    <string>0</string>
                    <key>selectedStringValue</key>
                    <string>kGlobal</string>
                </dict>
                <key>Score Type</key>
                <dict>
                    <key>visible</key>
                    <string>0</string>
                    <key>selectedStringValue</key>
                    <string>kScoreDistance</string>
                </dict>
                <key>Amount</key>
                <dict>
                    <key>visible</key>
                    <string>0</string>
                    <key>selectedStringValue</key>
                    <string>kScoreBest</string>
                </dict>
                <key>Alignment</key>
                <dict>
                    <key>visible</key>
                    <string>0</string>
                    <key>selectedStringValue</key>
                    <string>kCCTextAlignmentLeft</string>
                </dict>
                <key>Text</key>
                <dict>
                    <key>value</key>
                    <string>back to the beginning</string>
                </dict>
                <key>Font</key>
                <dict>
                    <key>selectedStringValue</key>
                    <string>2</string>
                </dict>
                <key>zDepth</key>
                <string>503</string>
                <key>calculatedSize</key>
                <string>{238.000,28.000}</string>
            </dict>
            <dict>
                <key>id</key>
                <string>1154</string>
                <key>className</key>
                <string>PTModelObjectLabel</string>
                <key>Name</key>
                <dict>
                    <key>value</key>
                    <string>Default Font</string>
                </dict>
                <key>Position</key>
                <dict>
                    <key>value</key>
                    <string>{420.792,90.458}</string>
                </dict>
                <key>Scale</key>
                <dict>
                    <key>value</key>
                    <string>{1.000,1.000}</string>
                </dict>
                <key>Hidden</key>
                <dict>
                    <key>visible</key>
                    <string>0</string>
                </dict>
                <key>Locked</key>
                <dict>
                    <key>visible</key>
                    <string>0</string>
                </dict>
                <key>Action</key>
                <dict>
                    <key>selectedStringValue</key>
                    <string>kCustomVector</string>
                </dict>
                <key>World</key>
                <dict>
                    <key>visible</key>
                    <string>0</string>
                    <key>selectedStringValue</key>
                    <string>kGlobal</string>
                </dict>
                <key>Score Type</key>
                <dict>
                    <key>visible</key>
                    <string>0</string>
                    <key>selectedStringValue</key>
                    <string>kScoreDistance</string>
                </dict>
                <key>Amount</key>
                <dict>
                    <key>visible</key>
                    <string>0</string>
                    <key>selectedStringValue</key>
                    <string>kScoreBest</string>
                </dict>
                <key>Alignment</key>
                <dict>
                    <key>visible</key>
                    <string>0</string>
                    <key>selectedStringValue</key>
                    <string>kCCTextAlignmentLeft</string>
                </dict>
                <key>Text</key>
                <dict>
                    <key>value</key>
                    <string>These coins are called "Actions"</string>
                </dict>
                <key>Font</key>
                <dict>
                    <key>selectedStringValue</key>
                    <string>2</string>
                </dict>
                <key>zDepth</key>
                <string>504</string>
                <key>calculatedSize</key>
                <string>{357.000,28.000}</string>
            </dict>
            <dict>
                <key>id</key>
                <string>1288</string>
                <key>className</key>
                <string>PTModelObjectLabel</string>
                <key>Name</key>
                <dict>
                    <key>value</key>
                    <string>Default Font</string>
                </dict>
                <key>Position</key>
                <dict>
                    <key>value</key>
                    <string>{475.140,80.090}</string>
                </dict>
                <key>Scale</key>
                <dict>
                    <key>value</key>
                    <string>{1.000,1.000}</string>
                </dict>
                <key>Hidden</key>
                <dict>
                    <key>visible</key>
                    <string>0</string>
                </dict>
                <key>Locked</key>
                <dict>
                    <key>visible</key>
                    <string>0</string>
                </dict>
                <key>Action</key>
                <dict>
                    <key>selectedStringValue</key>
                    <string>kCustomVector</string>
                </dict>
                <key>World</key>
                <dict>
                    <key>visible</key>
                    <string>0</string>
                    <key>selectedStringValue</key>
                    <string>kGlobal</string>
                </dict>
                <key>Score Type</key>
                <dict>
                    <key>visible</key>
                    <string>0</string>
                    <key>selectedStringValue</key>
                    <string>kScoreDistance</string>
                </dict>
                <key>Amount</key>
                <dict>
                    <key>visible</key>
                    <string>0</string>
                    <key>selectedStringValue</key>
                    <string>kScoreBest</string>
                </dict>
                <key>Alignment</key>
                <dict>
                    <key>visible</key>
                    <string>0</string>
                    <key>selectedStringValue</key>
                    <string>kCCTextAlignmentLeft</string>
                </dict>
                <key>Text</key>
                <dict>
                    <key>value</key>
                    <string>This object has Wake Up set to Collision.  When you touch it, it will move.</string>
                </dict>
                <key>Font</key>
                <dict>
                    <key>selectedStringValue</key>
                    <string>2</string>
                </dict>
                <key>zDepth</key>
                <string>507</string>
                <key>calculatedSize</key>
                <string>{810.000,28.000}</string>
            </dict>
            <dict>
                <key>id</key>
                <string>1290</string>
                <key>className</key>
                <string>PTModelObjectLabel</string>
                <key>Name</key>
                <dict>
                    <key>value</key>
                    <string>Default Font</string>
                </dict>
                <key>Position</key>
                <dict>
                    <key>value</key>
                    <string>{998.502,144.122}</string>
                </dict>
                <key>Scale</key>
                <dict>
                    <key>value</key>
                    <string>{1.000,1.000}</string>
                </dict>
                <key>Hidden</key>
                <dict>
                    <key>visible</key>
                    <string>0</string>
                </dict>
                <key>Locked</key>
                <dict>
                    <key>visible</key>
                    <string>0</string>
                </dict>
                <key>Action</key>
                <dict>
                    <key>selectedStringValue</key>
                    <string>kCustomVector</string>
                </dict>
                <key>World</key>
                <dict>
                    <key>visible</key>
                    <string>0</string>
                    <key>selectedStringValue</key>
                    <string>kGlobal</string>
                </dict>
                <key>Score Type</key>
                <dict>
                    <key>visible</key>
                    <string>0</string>
                    <key>selectedStringValue</key>
                    <string>kScoreDistance</string>
                </dict>
                <key>Amount</key>
                <dict>
                    <key>visible</key>
                    <string>0</string>
                    <key>selectedStringValue</key>
                    <string>kScoreBest</string>
                </dict>
                <key>Alignment</key>
                <dict>
                    <key>visible</key>
                    <string>0</string>
                    <key>selectedStringValue</key>
                    <string>kCCTextAlignmentLeft</string>
                </dict>
                <key>Text</key>
                <dict>
                    <key>value</key>
                    <string>This logic piece will stop the platform.</string>
                </dict>
                <key>Font</key>
                <dict>
                    <key>selectedStringValue</key>
                    <string>2</string>
                </dict>
                <key>zDepth</key>
                <string>508</string>
                <key>calculatedSize</key>
                <string>{414.000,28.000}</string>
            </dict>
            <dict>
                <key>id</key>
                <string>1295</string>
                <key>className</key>
                <string>PTModelObjectLabel</string>
                <key>Name</key>
                <dict>
                    <key>value</key>
                    <string>Default Font</string>
                </dict>
                <key>Position</key>
                <dict>
                    <key>value</key>
                    <string>{1461.872,63.375}</string>
                </dict>
                <key>Scale</key>
                <dict>
                    <key>value</key>
                    <string>{1.000,1.000}</string>
                </dict>
                <key>Hidden</key>
                <dict>
                    <key>visible</key>
                    <string>0</string>
                </dict>
                <key>Locked</key>
                <dict>
                    <key>visible</key>
                    <string>0</string>
                </dict>
                <key>Action</key>
                <dict>
                    <key>selectedStringValue</key>
                    <string>kCustomVector</string>
                </dict>
                <key>World</key>
                <dict>
                    <key>visible</key>
                    <string>0</string>
                    <key>selectedStringValue</key>
                    <string>kGlobal</string>
                </dict>
                <key>Score Type</key>
                <dict>
                    <key>visible</key>
                    <string>0</string>
                    <key>selectedStringValue</key>
                    <string>kScoreDistance</string>
                </dict>
                <key>Amount</key>
                <dict>
                    <key>visible</key>
                    <string>0</string>
                    <key>selectedStringValue</key>
                    <string>kScoreBest</string>
                </dict>
                <key>Alignment</key>
                <dict>
                    <key>visible</key>
                    <string>0</string>
                    <key>selectedStringValue</key>
                    <string>kCCTextAlignmentLeft</string>
                </dict>
                <key>Text</key>
                <dict>
                    <key>value</key>
                    <string>This physics object has Wake Up Distance.</string>
                </dict>
                <key>Font</key>
                <dict>
                    <key>selectedStringValue</key>
                    <string>2</string>
                </dict>
                <key>zDepth</key>
                <string>509</string>
                <key>calculatedSize</key>
                <string>{479.000,28.000}</string>
            </dict>
            <dict>
                <key>id</key>
                <string>1299</string>
                <key>className</key>
                <string>PTModelObjectLabel</string>
                <key>Name</key>
                <dict>
                    <key>value</key>
                    <string>Default Font</string>
                </dict>
                <key>Position</key>
                <dict>
                    <key>value</key>
                    <string>{2021.616,613.616}</string>
                </dict>
                <key>Scale</key>
                <dict>
                    <key>value</key>
                    <string>{1.000,1.000}</string>
                </dict>
                <key>Hidden</key>
                <dict>
                    <key>visible</key>
                    <string>0</string>
                </dict>
                <key>Locked</key>
                <dict>
                    <key>visible</key>
                    <string>0</string>
                </dict>
                <key>Action</key>
                <dict>
                    <key>selectedStringValue</key>
                    <string>kCustomVector</string>
                </dict>
                <key>World</key>
                <dict>
                    <key>visible</key>
                    <string>0</string>
                    <key>selectedStringValue</key>
                    <string>kGlobal</string>
                </dict>
                <key>Score Type</key>
                <dict>
                    <key>visible</key>
                    <string>0</string>
                    <key>selectedStringValue</key>
                    <string>kScoreDistance</string>
                </dict>
                <key>Amount</key>
                <dict>
                    <key>visible</key>
                    <string>0</string>
                    <key>selectedStringValue</key>
                    <string>kScoreBest</string>
                </dict>
                <key>Alignment</key>
                <dict>
                    <key>visible</key>
                    <string>0</string>
                    <key>selectedStringValue</key>
                    <string>kCCTextAlignmentLeft</string>
                </dict>
                <key>Text</key>
                <dict>
                    <key>value</key>
                    <string>This light effect will cast a shadow.</string>
                </dict>
                <key>Font</key>
                <dict>
                    <key>selectedStringValue</key>
                    <string>2</string>
                </dict>
                <key>zDepth</key>
                <string>519</string>
                <key>calculatedSize</key>
                <string>{382.000,28.000}</string>
            </dict>
            <dict>
                <key>id</key>
                <string>1305</string>
                <key>className</key>
                <string>PTModelObjectLabel</string>
                <key>Name</key>
                <dict>
                    <key>value</key>
                    <string>Default Font</string>
                </dict>
                <key>Position</key>
                <dict>
                    <key>value</key>
                    <string>{2602.055,124.285}</string>
                </dict>
                <key>Scale</key>
                <dict>
                    <key>value</key>
                    <string>{1.000,1.000}</string>
                </dict>
                <key>Hidden</key>
                <dict>
                    <key>visible</key>
                    <string>0</string>
                </dict>
                <key>Locked</key>
                <dict>
                    <key>visible</key>
                    <string>0</string>
                </dict>
                <key>Action</key>
                <dict>
                    <key>selectedStringValue</key>
                    <string>kCustomVector</string>
                </dict>
                <key>World</key>
                <dict>
                    <key>visible</key>
                    <string>0</string>
                    <key>selectedStringValue</key>
                    <string>kGlobal</string>
                </dict>
                <key>Score Type</key>
                <dict>
                    <key>visible</key>
                    <string>0</string>
                    <key>selectedStringValue</key>
                    <string>kScoreDistance</string>
                </dict>
                <key>Amount</key>
                <dict>
                    <key>visible</key>
                    <string>0</string>
                    <key>selectedStringValue</key>
                    <string>kScoreBest</string>
                </dict>
                <key>Alignment</key>
                <dict>
                    <key>visible</key>
                    <string>0</string>
                    <key>selectedStringValue</key>
                    <string>kCCTextAlignmentLeft</string>
                </dict>
                <key>Text</key>
                <dict>
                    <key>value</key>
                    <string>This is a Menu Jump Logic Piece.</string>
                </dict>
                <key>Font</key>
                <dict>
                    <key>selectedStringValue</key>
                    <string>2</string>
                </dict>
                <key>zDepth</key>
                <string>511</string>
                <key>calculatedSize</key>
                <string>{374.000,28.000}</string>
            </dict>
            <dict>
                <key>id</key>
                <string>1306</string>
                <key>className</key>
                <string>PTModelObjectLabel</string>
                <key>Name</key>
                <dict>
                    <key>value</key>
                    <string>Default Font</string>
                </dict>
                <key>Position</key>
                <dict>
                    <key>value</key>
                    <string>{2669.643,93.081}</string>
                </dict>
                <key>Scale</key>
                <dict>
                    <key>value</key>
                    <string>{0.685,0.685}</string>
                </dict>
                <key>Hidden</key>
                <dict>
                    <key>visible</key>
                    <string>0</string>
                </dict>
                <key>Locked</key>
                <dict>
                    <key>visible</key>
                    <string>0</string>
                </dict>
                <key>Action</key>
                <dict>
                    <key>selectedStringValue</key>
                    <string>kCustomVector</string>
                </dict>
                <key>World</key>
                <dict>
                    <key>visible</key>
                    <string>0</string>
                    <key>selectedStringValue</key>
                    <string>kGlobal</string>
                </dict>
                <key>Score Type</key>
                <dict>
                    <key>visible</key>
                    <string>0</string>
                    <key>selectedStringValue</key>
                    <string>kScoreDistance</string>
                </dict>
                <key>Amount</key>
                <dict>
                    <key>visible</key>
                    <string>0</string>
                    <key>selectedStringValue</key>
                    <string>kScoreBest</string>
                </dict>
                <key>Alignment</key>
                <dict>
                    <key>visible</key>
                    <string>0</string>
                    <key>selectedStringValue</key>
                    <string>kCCTextAlignmentLeft</string>
                </dict>
                <key>Text</key>
                <dict>
                    <key>value</key>
                    <string>When character touches, it will transport to different menu screen.</string>
                </dict>
                <key>Font</key>
                <dict>
                    <key>selectedStringValue</key>
                    <string>2</string>
                </dict>
                <key>zDepth</key>
                <string>512</string>
                <key>calculatedSize</key>
                <string>{728.000,28.000}</string>
            </dict>
            <dict>
                <key>id</key>
                <string>1308</string>
                <key>className</key>
                <string>PTModelObjectLabel</string>
                <key>Name</key>
                <dict>
                    <key>value</key>
                    <string>Default Font</string>
                </dict>
                <key>Position</key>
                <dict>
                    <key>value</key>
                    <string>{1362.585,32.539}</string>
                </dict>
                <key>Scale</key>
                <dict>
                    <key>value</key>
                    <string>{0.789,0.789}</string>
                </dict>
                <key>Hidden</key>
                <dict>
                    <key>visible</key>
                    <string>0</string>
                </dict>
                <key>Locked</key>
                <dict>
                    <key>visible</key>
                    <string>0</string>
                </dict>
                <key>Action</key>
                <dict>
                    <key>selectedStringValue</key>
                    <string>kCustomVector</string>
                </dict>
                <key>World</key>
                <dict>
                    <key>visible</key>
                    <string>0</string>
                    <key>selectedStringValue</key>
                    <string>kGlobal</string>
                </dict>
                <key>Score Type</key>
                <dict>
                    <key>visible</key>
                    <string>0</string>
                    <key>selectedStringValue</key>
                    <string>kScoreDistance</string>
                </dict>
                <key>Amount</key>
                <dict>
                    <key>visible</key>
                    <string>0</string>
                    <key>selectedStringValue</key>
                    <string>kScoreBest</string>
                </dict>
                <key>Alignment</key>
                <dict>
                    <key>visible</key>
                    <string>0</string>
                    <key>selectedStringValue</key>
                    <string>kCCTextAlignmentLeft</string>
                </dict>
                <key>Text</key>
                <dict>
                    <key>value</key>
                    <string>It will move when you get near.</string>
                </dict>
                <key>Font</key>
                <dict>
                    <key>selectedStringValue</key>
                    <string>2</string>
                </dict>
                <key>zDepth</key>
                <string>510</string>
                <key>calculatedSize</key>
                <string>{342.000,28.000}</string>
            </dict>
            <dict>
                <key>id</key>
                <string>1316</string>
                <key>className</key>
                <string>PTModelObjectLabel</string>
                <key>Name</key>
                <dict>
                    <key>value</key>
                    <string>Default Font</string>
                </dict>
                <key>Position</key>
                <dict>
                    <key>value</key>
                    <string>{2669.643,69.883}</string>
                </dict>
                <key>Scale</key>
                <dict>
                    <key>value</key>
                    <string>{0.685,0.685}</string>
                </dict>
                <key>Hidden</key>
                <dict>
                    <key>visible</key>
                    <string>0</string>
                </dict>
                <key>Locked</key>
                <dict>
                    <key>visible</key>
                    <string>0</string>
                </dict>
                <key>Action</key>
                <dict>
                    <key>selectedStringValue</key>
                    <string>kCustomVector</string>
                </dict>
                <key>World</key>
                <dict>
                    <key>visible</key>
                    <string>0</string>
                    <key>selectedStringValue</key>
                    <string>kGlobal</string>
                </dict>
                <key>Score Type</key>
                <dict>
                    <key>visible</key>
                    <string>0</string>
                    <key>selectedStringValue</key>
                    <string>kScoreDistance</string>
                </dict>
                <key>Amount</key>
                <dict>
                    <key>visible</key>
                    <string>0</string>
                    <key>selectedStringValue</key>
                    <string>kScoreBest</string>
                </dict>
                <key>Alignment</key>
                <dict>
                    <key>visible</key>
                    <string>0</string>
                    <key>selectedStringValue</key>
                    <string>kCCTextAlignmentLeft</string>
                </dict>
                <key>Text</key>
                <dict>
                    <key>value</key>
                    <string>Check the Menu Editor to see how we warp character to next level.</string>
                </dict>
                <key>Font</key>
                <dict>
                    <key>selectedStringValue</key>
                    <string>2</string>
                </dict>
                <key>zDepth</key>
                <string>513</string>
                <key>calculatedSize</key>
                <string>{741.000,28.000}</string>
            </dict>
            <dict>
                <key>id</key>
                <string>4020</string>
                <key>className</key>
                <string>PTModelObjectLabel</string>
                <key>Name</key>
                <dict>
                    <key>value</key>
                    <string>Default Font</string>
                </dict>
                <key>Position</key>
                <dict>
                    <key>value</key>
                    <string>{590.432,64.349}</string>
                </dict>
                <key>Scale</key>
                <dict>
                    <key>value</key>
                    <string>{5.675,5.758}</string>
                </dict>
                <key>Hidden</key>
                <dict>
                    <key>visible</key>
                    <string>0</string>
                </dict>
                <key>Locked</key>
                <dict>
                    <key>visible</key>
                    <string>0</string>
                </dict>
                <key>Action</key>
                <dict>
                    <key>selectedStringValue</key>
                    <string>kCustomVector</string>
                </dict>
                <key>World</key>
                <dict>
                    <key>visible</key>
                    <string>0</string>
                    <key>selectedStringValue</key>
                    <string>kGlobal</string>
                </dict>
                <key>Score Type</key>
                <dict>
                    <key>visible</key>
                    <string>0</string>
                    <key>selectedStringValue</key>
                    <string>kScoreDistance</string>
                </dict>
                <key>Amount</key>
                <dict>
                    <key>visible</key>
                    <string>0</string>
                    <key>selectedStringValue</key>
                    <string>kScoreBest</string>
                </dict>
                <key>Alignment</key>
                <dict>
                    <key>visible</key>
                    <string>0</string>
                    <key>selectedStringValue</key>
                    <string>kCCTextAlignmentLeft</string>
                </dict>
                <key>Text</key>
                <dict>
                    <key>value</key>
                    <string>Roman lover</string>
                </dict>
                <key>Font</key>
                <dict>
                    <key>selectedStringValue</key>
                    <string>2</string>
                </dict>
                <key>zDepth</key>
                <string>1</string>
                <key>calculatedSize</key>
                <string>{142.000,28.000}</string>
            </dict>
            <dict>
                <key>id</key>
                <string>4251</string>
                <key>className</key>
                <string>PTModelObjectLabel</string>
                <key>Name</key>
                <dict>
                    <key>value</key>
                    <string>Default Font</string>
                </dict>
                <key>Position</key>
                <dict>
                    <key>value</key>
                    <string>{94.830,555.435}</string>
                </dict>
                <key>Scale</key>
                <dict>
                    <key>value</key>
                    <string>{1.000,1.000}</string>
                </dict>
                <key>Hidden</key>
                <dict>
                    <key>visible</key>
                    <string>0</string>
                </dict>
                <key>Locked</key>
                <dict>
                    <key>visible</key>
                    <string>0</string>
                </dict>
                <key>Action</key>
                <dict>
                    <key>selectedStringValue</key>
                    <string>kCustomVector</string>
                </dict>
                <key>World</key>
                <dict>
                    <key>visible</key>
                    <string>0</string>
                    <key>selectedStringValue</key>
                    <string>kGlobal</string>
                </dict>
                <key>Score Type</key>
                <dict>
                    <key>visible</key>
                    <string>0</string>
                    <key>selectedStringValue</key>
                    <string>kScoreDistance</string>
                </dict>
                <key>Amount</key>
                <dict>
                    <key>visible</key>
                    <string>0</string>
                    <key>selectedStringValue</key>
                    <string>kScoreBest</string>
                </dict>
                <key>Alignment</key>
                <dict>
                    <key>visible</key>
                    <string>0</string>
                    <key>selectedStringValue</key>
                    <string>kCCTextAlignmentLeft</string>
                </dict>
                <key>Text</key>
                <dict>
                    <key>value</key>
                    <string>SCORE-</string>
                </dict>
                <key>Font</key>
                <dict>
                    <key>selectedStringValue</key>
                    <string>2</string>
                </dict>
                <key>zDepth</key>
                <string>0</string>
                <key>calculatedSize</key>
                <string>{97.000,28.000}</string>
            </dict>
            <dict>
                <key>id</key>
                <string>4254</string>
                <key>className</key>
                <string>PTModelObjectLabel</string>
                <key>Name</key>
                <dict>
                    <key>value</key>
                    <string>Default Font</string>
                </dict>
                <key>Position</key>
                <dict>
                    <key>value</key>
                    <string>{203.208,554.306}</string>
                </dict>
                <key>Scale</key>
                <dict>
                    <key>value</key>
                    <string>{1.000,1.000}</string>
                </dict>
                <key>Hidden</key>
                <dict>
                    <key>visible</key>
                    <string>0</string>
                </dict>
                <key>Locked</key>
                <dict>
                    <key>visible</key>
                    <string>0</string>
                </dict>
                <key>Action</key>
                <dict>
                    <key>selectedStringValue</key>
                    <string>kScoreVector</string>
                </dict>
                <key>World</key>
                <dict>
                    <key>selectedStringValue</key>
                    <string>kGlobal</string>
                </dict>
                <key>Score Type</key>
                <dict>
                    <key>selectedStringValue</key>
                    <string>kScoreCoins</string>
                </dict>
                <key>Amount</key>
                <dict>
                    <key>selectedStringValue</key>
                    <string>kScoreCurrent</string>
                </dict>
                <key>Alignment</key>
                <dict>
                    <key>selectedStringValue</key>
                    <string>kCCTextAlignmentLeft</string>
                </dict>
                <key>Text</key>
                <dict>
                    <key>visible</key>
                    <string>0</string>
                    <key>value</key>
                    <string></string>
                </dict>
                <key>Font</key>
                <dict>
                    <key>selectedStringValue</key>
                    <string>2</string>
                </dict>
                <key>Tracking</key>
                <dict>
                    <key>visible</key>
                    <string>0</string>
                </dict>
                <key>zDepth</key>
                <string>1</string>
            </dict>
        </array>
    </dict>
</plist>
