<?xml version="1.0" encoding="UTF-8"?>
<!DOCTYPE plist PUBLIC "-//Apple//DTD PLIST 1.0//EN" "http://www.apple.com/DTDs/PropertyList-1.0.dtd"/>

<plist version="1.0">
    <dict>
        <key>ROOT</key>
        <array>
            <dict>
                <key>id</key>
                <string>1724</string>
                <key>Default Animation</key>
                <dict>
                    <key>value</key>
                    <string>1726</string>
                </dict>
                <key>Shooting Animation</key>
                <dict>
                    <key>value</key>
                    <string>1893</string>
                </dict>
                <key>Bullet Animation</key>
                <dict>
                    <key>value</key>
                    <string>1946</string>
                </dict>
                <key>Jump Animation</key>
                <dict>
                    <key>value</key>
                    <string>1775</string>
                </dict>
                <key>Move Animation</key>
                <dict>
                    <key>value</key>
                    <string>1920</string>
                </dict>
                <key>Defeated Animation</key>
                <dict>
                    <key>value</key>
                    <string>1867</string>
                </dict>
                <key>components</key>
                <array>
                    <string>1730</string>
                </array>
            </dict>
        </array>
    </dict>
</plist>
