<?xml version="1.0" encoding="UTF-8"?>
<!DOCTYPE plist PUBLIC "-//Apple//DTD PLIST 1.0//EN" "http://www.apple.com/DTDs/PropertyList-1.0.dtd"/>

<plist version="1.0">
    <dict>
        <key>ROOT</key>
        <array>
            <dict>
                <key>id</key>
                <string>1694</string>
                <key>Asset</key>
                <dict>
                    <key>value</key>
                    <string>1686</string>
                </dict>
            </dict>
            <dict>
                <key>id</key>
                <string>1702</string>
                <key>Asset</key>
                <dict>
                    <key>value</key>
                    <string>1686</string>
                </dict>
            </dict>
            <dict>
                <key>id</key>
                <string>1745</string>
                <key>Asset</key>
                <dict>
                    <key>value</key>
                    <string>1686</string>
                </dict>
            </dict>
            <dict>
                <key>id</key>
                <string>1804</string>
                <key>Asset</key>
                <dict>
                    <key>value</key>
                    <string>1789</string>
                </dict>
            </dict>
            <dict>
                <key>id</key>
                <string>1808</string>
                <key>Asset</key>
                <dict>
                    <key>value</key>
                    <string>1789</string>
                </dict>
            </dict>
            <dict>
                <key>id</key>
                <string>1816</string>
                <key>Asset</key>
                <dict>
                    <key>value</key>
                    <string>1789</string>
                </dict>
            </dict>
            <dict>
                <key>id</key>
                <string>1820</string>
                <key>Asset</key>
                <dict>
                    <key>value</key>
                    <string>1789</string>
                </dict>
            </dict>
            <dict>
                <key>id</key>
                <string>1824</string>
                <key>Asset</key>
                <dict>
                    <key>value</key>
                    <string>1789</string>
                </dict>
            </dict>
            <dict>
                <key>id</key>
                <string>2003</string>
                <key>Asset</key>
                <dict>
                    <key>value</key>
                    <string>1686</string>
                </dict>
            </dict>
            <dict>
                <key>id</key>
                <string>2005</string>
                <key>Asset</key>
                <dict>
                    <key>value</key>
                    <string>1686</string>
                </dict>
            </dict>
            <dict>
                <key>id</key>
                <string>2007</string>
                <key>Asset</key>
                <dict>
                    <key>value</key>
                    <string>1686</string>
                </dict>
            </dict>
            <dict>
                <key>id</key>
                <string>2009</string>
                <key>Asset</key>
                <dict>
                    <key>value</key>
                    <string>1686</string>
                </dict>
            </dict>
            <dict>
                <key>id</key>
                <string>2011</string>
                <key>Asset</key>
                <dict>
                    <key>value</key>
                    <string>1686</string>
                </dict>
            </dict>
            <dict>
                <key>id</key>
                <string>2013</string>
                <key>Asset</key>
                <dict>
                    <key>value</key>
                    <string>1686</string>
                </dict>
            </dict>
            <dict>
                <key>id</key>
                <string>2056</string>
                <key>Asset</key>
                <dict>
                    <key>value</key>
                    <string>2048</string>
                </dict>
            </dict>
            <dict>
                <key>id</key>
                <string>2246</string>
                <key>Asset</key>
                <dict>
                    <key>value</key>
                    <string>2238</string>
                </dict>
            </dict>
            <dict>
                <key>id</key>
                <string>2328</string>
                <key>Asset</key>
                <dict>
                    <key>value</key>
                    <string>2320</string>
                </dict>
            </dict>
            <dict>
                <key>id</key>
                <string>2398</string>
                <key>Asset</key>
                <dict>
                    <key>value</key>
                    <string>1686</string>
                </dict>
            </dict>
            <dict>
                <key>id</key>
                <string>2400</string>
                <key>Asset</key>
                <dict>
                    <key>value</key>
                    <string>1686</string>
                </dict>
            </dict>
            <dict>
                <key>id</key>
                <string>2415</string>
                <key>Asset</key>
                <dict>
                    <key>value</key>
                    <string>2407</string>
                </dict>
            </dict>
            <dict>
                <key>id</key>
                <string>2426</string>
                <key>Asset</key>
                <dict>
                    <key>value</key>
                    <string>2418</string>
                </dict>
            </dict>
            <dict>
                <key>id</key>
                <string>2545</string>
                <key>Asset</key>
                <dict>
                    <key>value</key>
                    <string>2537</string>
                </dict>
            </dict>
            <dict>
                <key>id</key>
                <string>2547</string>
                <key>Asset</key>
                <dict>
                    <key>value</key>
                    <string>1686</string>
                </dict>
            </dict>
            <dict>
                <key>id</key>
                <string>2549</string>
                <key>Asset</key>
                <dict>
                    <key>value</key>
                    <string>1686</string>
                </dict>
            </dict>
            <dict>
                <key>id</key>
                <string>2574</string>
                <key>Asset</key>
                <dict>
                    <key>value</key>
                    <string>2566</string>
                </dict>
            </dict>
            <dict>
                <key>id</key>
                <string>2585</string>
                <key>Asset</key>
                <dict>
                    <key>value</key>
                    <string>2577</string>
                </dict>
            </dict>
            <dict>
                <key>id</key>
                <string>2633</string>
                <key>Asset</key>
                <dict>
                    <key>value</key>
                    <string>2625</string>
                </dict>
            </dict>
            <dict>
                <key>id</key>
                <string>2839</string>
                <key>Asset</key>
                <dict>
                    <key>value</key>
                    <string>2831</string>
                </dict>
            </dict>
            <dict>
                <key>id</key>
                <string>2841</string>
                <key>Asset</key>
                <dict>
                    <key>value</key>
                    <string>2831</string>
                </dict>
            </dict>
            <dict>
                <key>id</key>
                <string>2843</string>
                <key>Asset</key>
                <dict>
                    <key>value</key>
                    <string>2831</string>
                </dict>
            </dict>
            <dict>
                <key>id</key>
                <string>2845</string>
                <key>Asset</key>
                <dict>
                    <key>value</key>
                    <string>2831</string>
                </dict>
            </dict>
            <dict>
                <key>id</key>
                <string>2884</string>
                <key>Asset</key>
                <dict>
                    <key>value</key>
                    <string>1686</string>
                </dict>
            </dict>
            <dict>
                <key>id</key>
                <string>2886</string>
                <key>Asset</key>
                <dict>
                    <key>value</key>
                    <string>1686</string>
                </dict>
            </dict>
            <dict>
                <key>id</key>
                <string>2888</string>
                <key>Asset</key>
                <dict>
                    <key>value</key>
                    <string>1686</string>
                </dict>
            </dict>
            <dict>
                <key>id</key>
                <string>2890</string>
                <key>Asset</key>
                <dict>
                    <key>value</key>
                    <string>1686</string>
                </dict>
            </dict>
            <dict>
                <key>id</key>
                <string>2892</string>
                <key>Asset</key>
                <dict>
                    <key>value</key>
                    <string>1686</string>
                </dict>
            </dict>
            <dict>
                <key>id</key>
                <string>2894</string>
                <key>Asset</key>
                <dict>
                    <key>value</key>
                    <string>1686</string>
                </dict>
            </dict>
            <dict>
                <key>id</key>
                <string>2896</string>
                <key>Asset</key>
                <dict>
                    <key>value</key>
                    <string>1686</string>
                </dict>
            </dict>
            <dict>
                <key>id</key>
                <string>2898</string>
                <key>Asset</key>
                <dict>
                    <key>value</key>
                    <string>1686</string>
                </dict>
            </dict>
            <dict>
                <key>id</key>
                <string>2900</string>
                <key>Asset</key>
                <dict>
                    <key>value</key>
                    <string>1686</string>
                </dict>
            </dict>
            <dict>
                <key>id</key>
                <string>2902</string>
                <key>Asset</key>
                <dict>
                    <key>value</key>
                    <string>1686</string>
                </dict>
            </dict>
            <dict>
                <key>id</key>
                <string>2904</string>
                <key>Asset</key>
                <dict>
                    <key>value</key>
                    <string>1686</string>
                </dict>
            </dict>
            <dict>
                <key>id</key>
                <string>2906</string>
                <key>Asset</key>
                <dict>
                    <key>value</key>
                    <string>1686</string>
                </dict>
            </dict>
            <dict>
                <key>id</key>
                <string>2908</string>
                <key>Asset</key>
                <dict>
                    <key>value</key>
                    <string>1686</string>
                </dict>
            </dict>
            <dict>
                <key>id</key>
                <string>2910</string>
                <key>Asset</key>
                <dict>
                    <key>value</key>
                    <string>1686</string>
                </dict>
            </dict>
            <dict>
                <key>id</key>
                <string>2912</string>
                <key>Asset</key>
                <dict>
                    <key>value</key>
                    <string>1686</string>
                </dict>
            </dict>
            <dict>
                <key>id</key>
                <string>2914</string>
                <key>Asset</key>
                <dict>
                    <key>value</key>
                    <string>1686</string>
                </dict>
            </dict>
            <dict>
                <key>id</key>
                <string>2917</string>
                <key>Asset</key>
                <dict>
                    <key>value</key>
                    <string>1789</string>
                </dict>
            </dict>
            <dict>
                <key>id</key>
                <string>2919</string>
                <key>Asset</key>
                <dict>
                    <key>value</key>
                    <string>1789</string>
                </dict>
            </dict>
            <dict>
                <key>id</key>
                <string>2921</string>
                <key>Asset</key>
                <dict>
                    <key>value</key>
                    <string>1789</string>
                </dict>
            </dict>
            <dict>
                <key>id</key>
                <string>2923</string>
                <key>Asset</key>
                <dict>
                    <key>value</key>
                    <string>1789</string>
                </dict>
            </dict>
            <dict>
                <key>id</key>
                <string>2925</string>
                <key>Asset</key>
                <dict>
                    <key>value</key>
                    <string>1789</string>
                </dict>
            </dict>
            <dict>
                <key>id</key>
                <string>2927</string>
                <key>Asset</key>
                <dict>
                    <key>value</key>
                    <string>1789</string>
                </dict>
            </dict>
            <dict>
                <key>id</key>
                <string>2995</string>
                <key>Asset</key>
                <dict>
                    <key>value</key>
                    <string>2320</string>
                </dict>
            </dict>
            <dict>
                <key>id</key>
                <string>2997</string>
                <key>Asset</key>
                <dict>
                    <key>value</key>
                    <string>2320</string>
                </dict>
            </dict>
            <dict>
                <key>id</key>
                <string>2999</string>
                <key>Asset</key>
                <dict>
                    <key>value</key>
                    <string>2320</string>
                </dict>
            </dict>
            <dict>
                <key>id</key>
                <string>3001</string>
                <key>Asset</key>
                <dict>
                    <key>value</key>
                    <string>2320</string>
                </dict>
            </dict>
            <dict>
                <key>id</key>
                <string>3404</string>
                <key>Asset</key>
                <dict>
                    <key>value</key>
                    <string>1686</string>
                </dict>
            </dict>
            <dict>
                <key>id</key>
                <string>3406</string>
                <key>Asset</key>
                <dict>
                    <key>value</key>
                    <string>1686</string>
                </dict>
            </dict>
            <dict>
                <key>id</key>
                <string>3408</string>
                <key>Asset</key>
                <dict>
                    <key>value</key>
                    <string>1686</string>
                </dict>
            </dict>
            <dict>
                <key>id</key>
                <string>3410</string>
                <key>Asset</key>
                <dict>
                    <key>value</key>
                    <string>1686</string>
                </dict>
            </dict>
            <dict>
                <key>id</key>
                <string>3412</string>
                <key>Asset</key>
                <dict>
                    <key>value</key>
                    <string>1686</string>
                </dict>
            </dict>
            <dict>
                <key>id</key>
                <string>3416</string>
                <key>Asset</key>
                <dict>
                    <key>value</key>
                    <string>1686</string>
                </dict>
            </dict>
            <dict>
                <key>id</key>
                <string>3418</string>
                <key>Asset</key>
                <dict>
                    <key>value</key>
                    <string>1686</string>
                </dict>
            </dict>
            <dict>
                <key>id</key>
                <string>3420</string>
                <key>Asset</key>
                <dict>
                    <key>value</key>
                    <string>1686</string>
                </dict>
            </dict>
            <dict>
                <key>id</key>
                <string>3422</string>
                <key>Asset</key>
                <dict>
                    <key>value</key>
                    <string>1686</string>
                </dict>
            </dict>
            <dict>
                <key>id</key>
                <string>3424</string>
                <key>Asset</key>
                <dict>
                    <key>value</key>
                    <string>1686</string>
                </dict>
            </dict>
            <dict>
                <key>id</key>
                <string>3428</string>
                <key>Asset</key>
                <dict>
                    <key>value</key>
                    <string>1686</string>
                </dict>
            </dict>
            <dict>
                <key>id</key>
                <string>3430</string>
                <key>Asset</key>
                <dict>
                    <key>value</key>
                    <string>1686</string>
                </dict>
            </dict>
            <dict>
                <key>id</key>
                <string>3432</string>
                <key>Asset</key>
                <dict>
                    <key>value</key>
                    <string>1686</string>
                </dict>
            </dict>
            <dict>
                <key>id</key>
                <string>3434</string>
                <key>Asset</key>
                <dict>
                    <key>value</key>
                    <string>1686</string>
                </dict>
            </dict>
            <dict>
                <key>id</key>
                <string>3436</string>
                <key>Asset</key>
                <dict>
                    <key>value</key>
                    <string>1686</string>
                </dict>
            </dict>
            <dict>
                <key>id</key>
                <string>3441</string>
                <key>Asset</key>
                <dict>
                    <key>value</key>
                    <string>1686</string>
                </dict>
            </dict>
            <dict>
                <key>id</key>
                <string>3443</string>
                <key>Asset</key>
                <dict>
                    <key>value</key>
                    <string>1686</string>
                </dict>
            </dict>
            <dict>
                <key>id</key>
                <string>3445</string>
                <key>Asset</key>
                <dict>
                    <key>value</key>
                    <string>1686</string>
                </dict>
            </dict>
            <dict>
                <key>id</key>
                <string>3447</string>
                <key>Asset</key>
                <dict>
                    <key>value</key>
                    <string>1686</string>
                </dict>
            </dict>
            <dict>
                <key>id</key>
                <string>3449</string>
                <key>Asset</key>
                <dict>
                    <key>value</key>
                    <string>1686</string>
                </dict>
            </dict>
            <dict>
                <key>id</key>
                <string>3452</string>
                <key>Asset</key>
                <dict>
                    <key>value</key>
                    <string>1686</string>
                </dict>
            </dict>
            <dict>
                <key>id</key>
                <string>3454</string>
                <key>Asset</key>
                <dict>
                    <key>value</key>
                    <string>1686</string>
                </dict>
            </dict>
            <dict>
                <key>id</key>
                <string>3456</string>
                <key>Asset</key>
                <dict>
                    <key>value</key>
                    <string>1686</string>
                </dict>
            </dict>
            <dict>
                <key>id</key>
                <string>3458</string>
                <key>Asset</key>
                <dict>
                    <key>value</key>
                    <string>1686</string>
                </dict>
            </dict>
            <dict>
                <key>id</key>
                <string>3460</string>
                <key>Asset</key>
                <dict>
                    <key>value</key>
                    <string>1686</string>
                </dict>
            </dict>
            <dict>
                <key>id</key>
                <string>3462</string>
                <key>Asset</key>
                <dict>
                    <key>value</key>
                    <string>1686</string>
                </dict>
            </dict>
            <dict>
                <key>id</key>
                <string>3551</string>
                <key>Asset</key>
                <dict>
                    <key>value</key>
                    <string>2831</string>
                </dict>
            </dict>
            <dict>
                <key>id</key>
                <string>3554</string>
                <key>Asset</key>
                <dict>
                    <key>value</key>
                    <string>2537</string>
                </dict>
            </dict>
            <dict>
                <key>id</key>
                <string>3565</string>
                <key>Asset</key>
                <dict>
                    <key>value</key>
                    <string>3557</string>
                </dict>
            </dict>
            <dict>
                <key>id</key>
                <string>3604</string>
                <key>Asset</key>
                <dict>
                    <key>value</key>
                    <string>3596</string>
                </dict>
            </dict>
            <dict>
                <key>id</key>
                <string>3606</string>
                <key>Asset</key>
                <dict>
                    <key>value</key>
                    <string>3596</string>
                </dict>
            </dict>
            <dict>
                <key>id</key>
                <string>3608</string>
                <key>Asset</key>
                <dict>
                    <key>value</key>
                    <string>3596</string>
                </dict>
            </dict>
            <dict>
                <key>id</key>
                <string>3610</string>
                <key>Asset</key>
                <dict>
                    <key>value</key>
                    <string>3596</string>
                </dict>
            </dict>
            <dict>
                <key>id</key>
                <string>3634</string>
                <key>Asset</key>
                <dict>
                    <key>value</key>
                    <string>3626</string>
                </dict>
            </dict>
            <dict>
                <key>id</key>
                <string>3637</string>
                <key>Asset</key>
                <dict>
                    <key>value</key>
                    <string>1789</string>
                </dict>
            </dict>
            <dict>
                <key>id</key>
                <string>3640</string>
                <key>Asset</key>
                <dict>
                    <key>value</key>
                    <string>1789</string>
                </dict>
            </dict>
            <dict>
                <key>id</key>
                <string>3711</string>
                <key>Asset</key>
                <dict>
                    <key>value</key>
                    <string>1686</string>
                </dict>
            </dict>
            <dict>
                <key>id</key>
                <string>3713</string>
                <key>Asset</key>
                <dict>
                    <key>value</key>
                    <string>1686</string>
                </dict>
            </dict>
            <dict>
                <key>id</key>
                <string>3715</string>
                <key>Asset</key>
                <dict>
                    <key>value</key>
                    <string>1686</string>
                </dict>
            </dict>
            <dict>
                <key>id</key>
                <string>3717</string>
                <key>Asset</key>
                <dict>
                    <key>value</key>
                    <string>1686</string>
                </dict>
            </dict>
            <dict>
                <key>id</key>
                <string>3719</string>
                <key>Asset</key>
                <dict>
                    <key>value</key>
                    <string>1686</string>
                </dict>
            </dict>
            <dict>
                <key>id</key>
                <string>3721</string>
                <key>Asset</key>
                <dict>
                    <key>value</key>
                    <string>1686</string>
                </dict>
            </dict>
            <dict>
                <key>id</key>
                <string>3723</string>
                <key>Asset</key>
                <dict>
                    <key>value</key>
                    <string>1686</string>
                </dict>
            </dict>
            <dict>
                <key>id</key>
                <string>3725</string>
                <key>Asset</key>
                <dict>
                    <key>value</key>
                    <string>1686</string>
                </dict>
            </dict>
            <dict>
                <key>id</key>
                <string>3727</string>
                <key>Asset</key>
                <dict>
                    <key>value</key>
                    <string>1686</string>
                </dict>
            </dict>
            <dict>
                <key>id</key>
                <string>3729</string>
                <key>Asset</key>
                <dict>
                    <key>value</key>
                    <string>1686</string>
                </dict>
            </dict>
            <dict>
                <key>id</key>
                <string>3731</string>
                <key>Asset</key>
                <dict>
                    <key>value</key>
                    <string>1686</string>
                </dict>
            </dict>
            <dict>
                <key>id</key>
                <string>3733</string>
                <key>Asset</key>
                <dict>
                    <key>value</key>
                    <string>1686</string>
                </dict>
            </dict>
            <dict>
                <key>id</key>
                <string>3735</string>
                <key>Asset</key>
                <dict>
                    <key>value</key>
                    <string>1686</string>
                </dict>
            </dict>
            <dict>
                <key>id</key>
                <string>3737</string>
                <key>Asset</key>
                <dict>
                    <key>value</key>
                    <string>1686</string>
                </dict>
            </dict>
            <dict>
                <key>id</key>
                <string>3739</string>
                <key>Asset</key>
                <dict>
                    <key>value</key>
                    <string>1686</string>
                </dict>
            </dict>
            <dict>
                <key>id</key>
                <string>3741</string>
                <key>Asset</key>
                <dict>
                    <key>value</key>
                    <string>1686</string>
                </dict>
            </dict>
            <dict>
                <key>id</key>
                <string>3743</string>
                <key>Asset</key>
                <dict>
                    <key>value</key>
                    <string>1686</string>
                </dict>
            </dict>
            <dict>
                <key>id</key>
                <string>3745</string>
                <key>Asset</key>
                <dict>
                    <key>value</key>
                    <string>1686</string>
                </dict>
            </dict>
            <dict>
                <key>id</key>
                <string>3747</string>
                <key>Asset</key>
                <dict>
                    <key>value</key>
                    <string>1686</string>
                </dict>
            </dict>
            <dict>
                <key>id</key>
                <string>3750</string>
                <key>Asset</key>
                <dict>
                    <key>value</key>
                    <string>1686</string>
                </dict>
            </dict>
            <dict>
                <key>id</key>
                <string>3752</string>
                <key>Asset</key>
                <dict>
                    <key>value</key>
                    <string>1686</string>
                </dict>
            </dict>
            <dict>
                <key>id</key>
                <string>3754</string>
                <key>Asset</key>
                <dict>
                    <key>value</key>
                    <string>1686</string>
                </dict>
            </dict>
            <dict>
                <key>id</key>
                <string>3756</string>
                <key>Asset</key>
                <dict>
                    <key>value</key>
                    <string>1686</string>
                </dict>
            </dict>
            <dict>
                <key>id</key>
                <string>3758</string>
                <key>Asset</key>
                <dict>
                    <key>value</key>
                    <string>1686</string>
                </dict>
            </dict>
            <dict>
                <key>id</key>
                <string>3760</string>
                <key>Asset</key>
                <dict>
                    <key>value</key>
                    <string>1686</string>
                </dict>
            </dict>
            <dict>
                <key>id</key>
                <string>3762</string>
                <key>Asset</key>
                <dict>
                    <key>value</key>
                    <string>1686</string>
                </dict>
            </dict>
            <dict>
                <key>id</key>
                <string>3764</string>
                <key>Asset</key>
                <dict>
                    <key>value</key>
                    <string>1686</string>
                </dict>
            </dict>
            <dict>
                <key>id</key>
                <string>3766</string>
                <key>Asset</key>
                <dict>
                    <key>value</key>
                    <string>1686</string>
                </dict>
            </dict>
            <dict>
                <key>id</key>
                <string>3769</string>
                <key>Asset</key>
                <dict>
                    <key>value</key>
                    <string>1686</string>
                </dict>
            </dict>
            <dict>
                <key>id</key>
                <string>3771</string>
                <key>Asset</key>
                <dict>
                    <key>value</key>
                    <string>1686</string>
                </dict>
            </dict>
            <dict>
                <key>id</key>
                <string>3773</string>
                <key>Asset</key>
                <dict>
                    <key>value</key>
                    <string>1686</string>
                </dict>
            </dict>
            <dict>
                <key>id</key>
                <string>3775</string>
                <key>Asset</key>
                <dict>
                    <key>value</key>
                    <string>1686</string>
                </dict>
            </dict>
            <dict>
                <key>id</key>
                <string>3777</string>
                <key>Asset</key>
                <dict>
                    <key>value</key>
                    <string>1686</string>
                </dict>
            </dict>
            <dict>
                <key>id</key>
                <string>3779</string>
                <key>Asset</key>
                <dict>
                    <key>value</key>
                    <string>1686</string>
                </dict>
            </dict>
            <dict>
                <key>id</key>
                <string>3781</string>
                <key>Asset</key>
                <dict>
                    <key>value</key>
                    <string>1686</string>
                </dict>
            </dict>
            <dict>
                <key>id</key>
                <string>3783</string>
                <key>Asset</key>
                <dict>
                    <key>value</key>
                    <string>1686</string>
                </dict>
            </dict>
            <dict>
                <key>id</key>
                <string>3785</string>
                <key>Asset</key>
                <dict>
                    <key>value</key>
                    <string>1686</string>
                </dict>
            </dict>
            <dict>
                <key>id</key>
                <string>3788</string>
                <key>Asset</key>
                <dict>
                    <key>value</key>
                    <string>1686</string>
                </dict>
            </dict>
            <dict>
                <key>id</key>
                <string>3790</string>
                <key>Asset</key>
                <dict>
                    <key>value</key>
                    <string>1686</string>
                </dict>
            </dict>
            <dict>
                <key>id</key>
                <string>3792</string>
                <key>Asset</key>
                <dict>
                    <key>value</key>
                    <string>1686</string>
                </dict>
            </dict>
            <dict>
                <key>id</key>
                <string>3794</string>
                <key>Asset</key>
                <dict>
                    <key>value</key>
                    <string>1686</string>
                </dict>
            </dict>
            <dict>
                <key>id</key>
                <string>3796</string>
                <key>Asset</key>
                <dict>
                    <key>value</key>
                    <string>1686</string>
                </dict>
            </dict>
            <dict>
                <key>id</key>
                <string>3798</string>
                <key>Asset</key>
                <dict>
                    <key>value</key>
                    <string>1686</string>
                </dict>
            </dict>
            <dict>
                <key>id</key>
                <string>3800</string>
                <key>Asset</key>
                <dict>
                    <key>value</key>
                    <string>1686</string>
                </dict>
            </dict>
            <dict>
                <key>id</key>
                <string>3802</string>
                <key>Asset</key>
                <dict>
                    <key>value</key>
                    <string>1686</string>
                </dict>
            </dict>
            <dict>
                <key>id</key>
                <string>3804</string>
                <key>Asset</key>
                <dict>
                    <key>value</key>
                    <string>1686</string>
                </dict>
            </dict>
            <dict>
                <key>id</key>
                <string>3807</string>
                <key>Asset</key>
                <dict>
                    <key>value</key>
                    <string>1686</string>
                </dict>
            </dict>
            <dict>
                <key>id</key>
                <string>3809</string>
                <key>Asset</key>
                <dict>
                    <key>value</key>
                    <string>1686</string>
                </dict>
            </dict>
            <dict>
                <key>id</key>
                <string>3811</string>
                <key>Asset</key>
                <dict>
                    <key>value</key>
                    <string>1686</string>
                </dict>
            </dict>
            <dict>
                <key>id</key>
                <string>3813</string>
                <key>Asset</key>
                <dict>
                    <key>value</key>
                    <string>1686</string>
                </dict>
            </dict>
            <dict>
                <key>id</key>
                <string>3815</string>
                <key>Asset</key>
                <dict>
                    <key>value</key>
                    <string>1686</string>
                </dict>
            </dict>
            <dict>
                <key>id</key>
                <string>3817</string>
                <key>Asset</key>
                <dict>
                    <key>value</key>
                    <string>1686</string>
                </dict>
            </dict>
            <dict>
                <key>id</key>
                <string>3819</string>
                <key>Asset</key>
                <dict>
                    <key>value</key>
                    <string>1686</string>
                </dict>
            </dict>
            <dict>
                <key>id</key>
                <string>3821</string>
                <key>Asset</key>
                <dict>
                    <key>value</key>
                    <string>1686</string>
                </dict>
            </dict>
            <dict>
                <key>id</key>
                <string>3823</string>
                <key>Asset</key>
                <dict>
                    <key>value</key>
                    <string>1686</string>
                </dict>
            </dict>
            <dict>
                <key>id</key>
                <string>3826</string>
                <key>Asset</key>
                <dict>
                    <key>value</key>
                    <string>1686</string>
                </dict>
            </dict>
            <dict>
                <key>id</key>
                <string>3828</string>
                <key>Asset</key>
                <dict>
                    <key>value</key>
                    <string>1686</string>
                </dict>
            </dict>
            <dict>
                <key>id</key>
                <string>3830</string>
                <key>Asset</key>
                <dict>
                    <key>value</key>
                    <string>1686</string>
                </dict>
            </dict>
            <dict>
                <key>id</key>
                <string>3832</string>
                <key>Asset</key>
                <dict>
                    <key>value</key>
                    <string>1686</string>
                </dict>
            </dict>
            <dict>
                <key>id</key>
                <string>3834</string>
                <key>Asset</key>
                <dict>
                    <key>value</key>
                    <string>1686</string>
                </dict>
            </dict>
            <dict>
                <key>id</key>
                <string>3836</string>
                <key>Asset</key>
                <dict>
                    <key>value</key>
                    <string>1686</string>
                </dict>
            </dict>
            <dict>
                <key>id</key>
                <string>3838</string>
                <key>Asset</key>
                <dict>
                    <key>value</key>
                    <string>1686</string>
                </dict>
            </dict>
            <dict>
                <key>id</key>
                <string>3840</string>
                <key>Asset</key>
                <dict>
                    <key>value</key>
                    <string>1686</string>
                </dict>
            </dict>
            <dict>
                <key>id</key>
                <string>3842</string>
                <key>Asset</key>
                <dict>
                    <key>value</key>
                    <string>1686</string>
                </dict>
            </dict>
            <dict>
                <key>id</key>
                <string>3845</string>
                <key>Asset</key>
                <dict>
                    <key>value</key>
                    <string>1686</string>
                </dict>
            </dict>
            <dict>
                <key>id</key>
                <string>3847</string>
                <key>Asset</key>
                <dict>
                    <key>value</key>
                    <string>1686</string>
                </dict>
            </dict>
            <dict>
                <key>id</key>
                <string>3849</string>
                <key>Asset</key>
                <dict>
                    <key>value</key>
                    <string>1686</string>
                </dict>
            </dict>
            <dict>
                <key>id</key>
                <string>3851</string>
                <key>Asset</key>
                <dict>
                    <key>value</key>
                    <string>1686</string>
                </dict>
            </dict>
            <dict>
                <key>id</key>
                <string>3853</string>
                <key>Asset</key>
                <dict>
                    <key>value</key>
                    <string>1686</string>
                </dict>
            </dict>
            <dict>
                <key>id</key>
                <string>3855</string>
                <key>Asset</key>
                <dict>
                    <key>value</key>
                    <string>1686</string>
                </dict>
            </dict>
            <dict>
                <key>id</key>
                <string>3857</string>
                <key>Asset</key>
                <dict>
                    <key>value</key>
                    <string>1686</string>
                </dict>
            </dict>
            <dict>
                <key>id</key>
                <string>3859</string>
                <key>Asset</key>
                <dict>
                    <key>value</key>
                    <string>1686</string>
                </dict>
            </dict>
            <dict>
                <key>id</key>
                <string>3861</string>
                <key>Asset</key>
                <dict>
                    <key>value</key>
                    <string>1686</string>
                </dict>
            </dict>
            <dict>
                <key>id</key>
                <string>3864</string>
                <key>Asset</key>
                <dict>
                    <key>value</key>
                    <string>1686</string>
                </dict>
            </dict>
            <dict>
                <key>id</key>
                <string>3866</string>
                <key>Asset</key>
                <dict>
                    <key>value</key>
                    <string>1686</string>
                </dict>
            </dict>
            <dict>
                <key>id</key>
                <string>3868</string>
                <key>Asset</key>
                <dict>
                    <key>value</key>
                    <string>1686</string>
                </dict>
            </dict>
            <dict>
                <key>id</key>
                <string>3870</string>
                <key>Asset</key>
                <dict>
                    <key>value</key>
                    <string>1686</string>
                </dict>
            </dict>
            <dict>
                <key>id</key>
                <string>3872</string>
                <key>Asset</key>
                <dict>
                    <key>value</key>
                    <string>1686</string>
                </dict>
            </dict>
            <dict>
                <key>id</key>
                <string>3874</string>
                <key>Asset</key>
                <dict>
                    <key>value</key>
                    <string>1686</string>
                </dict>
            </dict>
            <dict>
                <key>id</key>
                <string>3876</string>
                <key>Asset</key>
                <dict>
                    <key>value</key>
                    <string>1686</string>
                </dict>
            </dict>
            <dict>
                <key>id</key>
                <string>3878</string>
                <key>Asset</key>
                <dict>
                    <key>value</key>
                    <string>1686</string>
                </dict>
            </dict>
            <dict>
                <key>id</key>
                <string>3880</string>
                <key>Asset</key>
                <dict>
                    <key>value</key>
                    <string>1686</string>
                </dict>
            </dict>
            <dict>
                <key>id</key>
                <string>3899</string>
                <key>Asset</key>
                <dict>
                    <key>value</key>
                    <string>1789</string>
                </dict>
            </dict>
            <dict>
                <key>id</key>
                <string>3901</string>
                <key>Asset</key>
                <dict>
                    <key>value</key>
                    <string>1789</string>
                </dict>
            </dict>
            <dict>
                <key>id</key>
                <string>3903</string>
                <key>Asset</key>
                <dict>
                    <key>value</key>
                    <string>1789</string>
                </dict>
            </dict>
            <dict>
                <key>id</key>
                <string>3914</string>
                <key>Asset</key>
                <dict>
                    <key>value</key>
                    <string>3906</string>
                </dict>
            </dict>
            <dict>
                <key>id</key>
                <string>3917</string>
                <key>Asset</key>
                <dict>
                    <key>value</key>
                    <string>2831</string>
                </dict>
            </dict>
            <dict>
                <key>id</key>
                <string>3920</string>
                <key>Asset</key>
                <dict>
                    <key>value</key>
                    <string>2577</string>
                </dict>
            </dict>
            <dict>
                <key>id</key>
                <string>3933</string>
                <key>Asset</key>
                <dict>
                    <key>value</key>
                    <string>3626</string>
                </dict>
            </dict>
            <dict>
                <key>id</key>
                <string>3960</string>
                <key>Asset</key>
                <dict>
                    <key>value</key>
                    <string>3265</string>
                </dict>
            </dict>
            <dict>
                <key>id</key>
                <string>3963</string>
                <key>Asset</key>
                <dict>
                    <key>value</key>
                    <string>2320</string>
                </dict>
            </dict>
            <dict>
                <key>id</key>
                <string>3965</string>
                <key>Asset</key>
                <dict>
                    <key>value</key>
                    <string>2320</string>
                </dict>
            </dict>
            <dict>
                <key>id</key>
                <string>3967</string>
                <key>Asset</key>
                <dict>
                    <key>value</key>
                    <string>2320</string>
                </dict>
            </dict>
            <dict>
                <key>id</key>
                <string>3976</string>
                <key>Asset</key>
                <dict>
                    <key>value</key>
                    <string>2537</string>
                </dict>
            </dict>
            <dict>
                <key>id</key>
                <string>3987</string>
                <key>Asset</key>
                <dict>
                    <key>value</key>
                    <string>3265</string>
                </dict>
            </dict>
            <dict>
                <key>id</key>
                <string>3994</string>
                <key>Asset</key>
                <dict>
                    <key>value</key>
                    <string>2566</string>
                </dict>
            </dict>
            <dict>
                <key>id</key>
                <string>4010</string>
                <key>Asset</key>
                <dict>
                    <key>value</key>
                    <string>2577</string>
                </dict>
            </dict>
            <dict>
                <key>id</key>
                <string>4013</string>
                <key>Asset</key>
                <dict>
                    <key>value</key>
                    <string>1789</string>
                </dict>
            </dict>
            <dict>
                <key>id</key>
                <string>4015</string>
                <key>Asset</key>
                <dict>
                    <key>value</key>
                    <string>1789</string>
                </dict>
            </dict>
            <dict>
                <key>id</key>
                <string>4017</string>
                <key>Asset</key>
                <dict>
                    <key>value</key>
                    <string>1789</string>
                </dict>
            </dict>
        </array>
    </dict>
</plist>
