<?xml version="1.0" encoding="UTF-8"?>
<!DOCTYPE plist PUBLIC "-//Apple//DTD PLIST 1.0//EN" "http://www.apple.com/DTDs/PropertyList-1.0.dtd"/>

<plist version="1.0">
    <dict>
        <key>ROOT</key>
        <array>
            <dict>
                <key>id</key>
                <string>114</string>
                <key>Image</key>
                <dict>
                    <key>value</key>
                    <string>109</string>
                </dict>
            </dict>
            <dict>
                <key>id</key>
                <string>155</string>
                <key>Image</key>
                <dict>
                    <key>value</key>
                    <string>150</string>
                </dict>
            </dict>
            <dict>
                <key>id</key>
                <string>346</string>
                <key>Image</key>
                <dict>
                    <key>value</key>
                    <string>341</string>
                </dict>
            </dict>
            <dict>
                <key>id</key>
                <string>447</string>
                <key>Image</key>
                <dict>
                    <key>value</key>
                    <string>441</string>
                </dict>
            </dict>
            <dict>
                <key>id</key>
                <string>1571</string>
                <key>Image</key>
                <dict>
                    <key>value</key>
                    <string>1572</string>
                </dict>
            </dict>
            <dict>
                <key>id</key>
                <string>1586</string>
                <key>Image</key>
                <dict>
                    <key>value</key>
                    <string>1572</string>
                </dict>
            </dict>
            <dict>
                <key>id</key>
                <string>1595</string>
                <key>Image</key>
                <dict>
                    <key>value</key>
                    <string>1572</string>
                </dict>
            </dict>
            <dict>
                <key>id</key>
                <string>1602</string>
                <key>Image</key>
                <dict>
                    <key>value</key>
                    <string>1572</string>
                </dict>
            </dict>
            <dict>
                <key>id</key>
                <string>1605</string>
                <key>Image</key>
                <dict>
                    <key>value</key>
                    <string>1603</string>
                </dict>
            </dict>
            <dict>
                <key>id</key>
                <string>1608</string>
                <key>Image</key>
                <dict>
                    <key>value</key>
                    <string>1572</string>
                </dict>
            </dict>
            <dict>
                <key>id</key>
                <string>1611</string>
                <key>Image</key>
                <dict>
                    <key>value</key>
                    <string>1609</string>
                </dict>
            </dict>
            <dict>
                <key>id</key>
                <string>1624</string>
                <key>Image</key>
                <dict>
                    <key>value</key>
                    <string>4055</string>
                </dict>
            </dict>
            <dict>
                <key>id</key>
                <string>1657</string>
                <key>Image</key>
                <dict>
                    <key>value</key>
                    <string>1572</string>
                </dict>
            </dict>
            <dict>
                <key>id</key>
                <string>1689</string>
                <key>Image</key>
                <dict>
                    <key>value</key>
                    <string>1684</string>
                </dict>
            </dict>
            <dict>
                <key>id</key>
                <string>1727</string>
                <key>Image</key>
                <dict>
                    <key>value</key>
                    <string>1714</string>
                </dict>
            </dict>
            <dict>
                <key>id</key>
                <string>1792</string>
                <key>Image</key>
                <dict>
                    <key>value</key>
                    <string>1787</string>
                </dict>
            </dict>
            <dict>
                <key>id</key>
                <string>1954</string>
                <key>Image</key>
                <dict>
                    <key>value</key>
                    <string>1924</string>
                </dict>
            </dict>
            <dict>
                <key>id</key>
                <string>1963</string>
                <key>Image</key>
                <dict>
                    <key>value</key>
                    <string>1924</string>
                </dict>
            </dict>
            <dict>
                <key>id</key>
                <string>1972</string>
                <key>Image</key>
                <dict>
                    <key>value</key>
                    <string>1924</string>
                </dict>
            </dict>
            <dict>
                <key>id</key>
                <string>1988</string>
                <key>Image</key>
                <dict>
                    <key>value</key>
                    <string>1924</string>
                </dict>
            </dict>
            <dict>
                <key>id</key>
                <string>1997</string>
                <key>Image</key>
                <dict>
                    <key>value</key>
                    <string>1924</string>
                </dict>
            </dict>
            <dict>
                <key>id</key>
                <string>2018</string>
                <key>Image</key>
                <dict>
                    <key>value</key>
                    <string>1924</string>
                </dict>
            </dict>
            <dict>
                <key>id</key>
                <string>2037</string>
                <key>Image</key>
                <dict>
                    <key>value</key>
                    <string>1924</string>
                </dict>
            </dict>
            <dict>
                <key>id</key>
                <string>2051</string>
                <key>Image</key>
                <dict>
                    <key>value</key>
                    <string>2046</string>
                </dict>
            </dict>
            <dict>
                <key>id</key>
                <string>2082</string>
                <key>Image</key>
                <dict>
                    <key>value</key>
                    <string>2057</string>
                </dict>
            </dict>
            <dict>
                <key>id</key>
                <string>2089</string>
            </dict>
            <dict>
                <key>id</key>
                <string>2102</string>
            </dict>
            <dict>
                <key>id</key>
                <string>2129</string>
                <key>Image</key>
                <dict>
                    <key>value</key>
                    <string>2107</string>
                </dict>
            </dict>
            <dict>
                <key>id</key>
                <string>2136</string>
            </dict>
            <dict>
                <key>id</key>
                <string>2171</string>
                <key>Image</key>
                <dict>
                    <key>value</key>
                    <string>2149</string>
                </dict>
            </dict>
            <dict>
                <key>id</key>
                <string>2196</string>
                <key>Image</key>
                <dict>
                    <key>value</key>
                    <string>2174</string>
                </dict>
            </dict>
            <dict>
                <key>id</key>
                <string>2203</string>
            </dict>
            <dict>
                <key>id</key>
                <string>2231</string>
            </dict>
            <dict>
                <key>id</key>
                <string>2270</string>
                <key>Image</key>
                <dict>
                    <key>value</key>
                    <string>2247</string>
                </dict>
            </dict>
            <dict>
                <key>id</key>
                <string>2297</string>
                <key>Image</key>
                <dict>
                    <key>value</key>
                    <string>2273</string>
                </dict>
            </dict>
            <dict>
                <key>id</key>
                <string>2304</string>
            </dict>
            <dict>
                <key>id</key>
                <string>2313</string>
            </dict>
            <dict>
                <key>id</key>
                <string>2323</string>
                <key>Image</key>
                <dict>
                    <key>value</key>
                    <string>2318</string>
                </dict>
            </dict>
            <dict>
                <key>id</key>
                <string>2333</string>
            </dict>
            <dict>
                <key>id</key>
                <string>2342</string>
            </dict>
            <dict>
                <key>id</key>
                <string>2351</string>
            </dict>
            <dict>
                <key>id</key>
                <string>2360</string>
            </dict>
            <dict>
                <key>id</key>
                <string>2369</string>
            </dict>
            <dict>
                <key>id</key>
                <string>2378</string>
            </dict>
            <dict>
                <key>id</key>
                <string>2410</string>
                <key>Image</key>
                <dict>
                    <key>value</key>
                    <string>2405</string>
                </dict>
            </dict>
            <dict>
                <key>id</key>
                <string>2421</string>
                <key>Image</key>
                <dict>
                    <key>value</key>
                    <string>2416</string>
                </dict>
            </dict>
            <dict>
                <key>id</key>
                <string>2431</string>
            </dict>
            <dict>
                <key>id</key>
                <string>2440</string>
            </dict>
            <dict>
                <key>id</key>
                <string>2449</string>
            </dict>
            <dict>
                <key>id</key>
                <string>2458</string>
            </dict>
            <dict>
                <key>id</key>
                <string>2467</string>
            </dict>
            <dict>
                <key>id</key>
                <string>2476</string>
            </dict>
            <dict>
                <key>id</key>
                <string>2485</string>
            </dict>
            <dict>
                <key>id</key>
                <string>2494</string>
            </dict>
            <dict>
                <key>id</key>
                <string>2503</string>
            </dict>
            <dict>
                <key>id</key>
                <string>2512</string>
            </dict>
            <dict>
                <key>id</key>
                <string>2521</string>
            </dict>
            <dict>
                <key>id</key>
                <string>2530</string>
            </dict>
            <dict>
                <key>id</key>
                <string>2540</string>
                <key>Image</key>
                <dict>
                    <key>value</key>
                    <string>2535</string>
                </dict>
            </dict>
            <dict>
                <key>id</key>
                <string>2569</string>
                <key>Image</key>
                <dict>
                    <key>value</key>
                    <string>2556</string>
                </dict>
            </dict>
            <dict>
                <key>id</key>
                <string>2580</string>
                <key>Image</key>
                <dict>
                    <key>value</key>
                    <string>2575</string>
                </dict>
            </dict>
            <dict>
                <key>id</key>
                <string>2590</string>
            </dict>
            <dict>
                <key>id</key>
                <string>2628</string>
                <key>Image</key>
                <dict>
                    <key>value</key>
                    <string>2616</string>
                </dict>
            </dict>
            <dict>
                <key>id</key>
                <string>2648</string>
            </dict>
            <dict>
                <key>id</key>
                <string>2657</string>
            </dict>
            <dict>
                <key>id</key>
                <string>2666</string>
            </dict>
            <dict>
                <key>id</key>
                <string>2675</string>
            </dict>
            <dict>
                <key>id</key>
                <string>2684</string>
            </dict>
            <dict>
                <key>id</key>
                <string>2693</string>
            </dict>
            <dict>
                <key>id</key>
                <string>2702</string>
            </dict>
            <dict>
                <key>id</key>
                <string>2736</string>
            </dict>
            <dict>
                <key>id</key>
                <string>2770</string>
            </dict>
            <dict>
                <key>id</key>
                <string>2789</string>
            </dict>
            <dict>
                <key>id</key>
                <string>2798</string>
            </dict>
            <dict>
                <key>id</key>
                <string>2834</string>
                <key>Image</key>
                <dict>
                    <key>value</key>
                    <string>2828</string>
                </dict>
            </dict>
            <dict>
                <key>id</key>
                <string>2853</string>
            </dict>
            <dict>
                <key>id</key>
                <string>2862</string>
            </dict>
            <dict>
                <key>id</key>
                <string>2871</string>
            </dict>
            <dict>
                <key>id</key>
                <string>2932</string>
            </dict>
            <dict>
                <key>id</key>
                <string>2947</string>
            </dict>
            <dict>
                <key>id</key>
                <string>2956</string>
            </dict>
            <dict>
                <key>id</key>
                <string>2979</string>
            </dict>
            <dict>
                <key>id</key>
                <string>2988</string>
            </dict>
            <dict>
                <key>id</key>
                <string>3018</string>
            </dict>
            <dict>
                <key>id</key>
                <string>3047</string>
            </dict>
            <dict>
                <key>id</key>
                <string>3056</string>
            </dict>
            <dict>
                <key>id</key>
                <string>3065</string>
            </dict>
            <dict>
                <key>id</key>
                <string>3115</string>
            </dict>
            <dict>
                <key>id</key>
                <string>3127</string>
            </dict>
            <dict>
                <key>id</key>
                <string>3137</string>
            </dict>
            <dict>
                <key>id</key>
                <string>3146</string>
            </dict>
            <dict>
                <key>id</key>
                <string>3155</string>
            </dict>
            <dict>
                <key>id</key>
                <string>3164</string>
            </dict>
            <dict>
                <key>id</key>
                <string>3173</string>
            </dict>
            <dict>
                <key>id</key>
                <string>3182</string>
            </dict>
            <dict>
                <key>id</key>
                <string>3191</string>
            </dict>
            <dict>
                <key>id</key>
                <string>3200</string>
            </dict>
            <dict>
                <key>id</key>
                <string>3209</string>
            </dict>
            <dict>
                <key>id</key>
                <string>3218</string>
            </dict>
            <dict>
                <key>id</key>
                <string>3227</string>
            </dict>
            <dict>
                <key>id</key>
                <string>3236</string>
            </dict>
            <dict>
                <key>id</key>
                <string>3245</string>
            </dict>
            <dict>
                <key>id</key>
                <string>3256</string>
                <key>Image</key>
                <dict>
                    <key>value</key>
                    <string>3250</string>
                </dict>
            </dict>
            <dict>
                <key>id</key>
                <string>3268</string>
                <key>Image</key>
                <dict>
                    <key>value</key>
                    <string>3263</string>
                </dict>
            </dict>
            <dict>
                <key>id</key>
                <string>3278</string>
            </dict>
            <dict>
                <key>id</key>
                <string>3287</string>
            </dict>
            <dict>
                <key>id</key>
                <string>3296</string>
            </dict>
            <dict>
                <key>id</key>
                <string>3321</string>
                <key>Image</key>
                <dict>
                    <key>value</key>
                    <string>3316</string>
                </dict>
            </dict>
            <dict>
                <key>id</key>
                <string>3326</string>
            </dict>
            <dict>
                <key>id</key>
                <string>3335</string>
            </dict>
            <dict>
                <key>id</key>
                <string>3344</string>
            </dict>
            <dict>
                <key>id</key>
                <string>3353</string>
            </dict>
            <dict>
                <key>id</key>
                <string>3362</string>
            </dict>
            <dict>
                <key>id</key>
                <string>3498</string>
            </dict>
            <dict>
                <key>id</key>
                <string>3508</string>
            </dict>
            <dict>
                <key>id</key>
                <string>3517</string>
            </dict>
            <dict>
                <key>id</key>
                <string>3526</string>
            </dict>
            <dict>
                <key>id</key>
                <string>3535</string>
            </dict>
            <dict>
                <key>id</key>
                <string>3544</string>
            </dict>
            <dict>
                <key>id</key>
                <string>3560</string>
                <key>Image</key>
                <dict>
                    <key>value</key>
                    <string>3555</string>
                </dict>
            </dict>
            <dict>
                <key>id</key>
                <string>3580</string>
            </dict>
            <dict>
                <key>id</key>
                <string>3589</string>
            </dict>
            <dict>
                <key>id</key>
                <string>3599</string>
                <key>Image</key>
                <dict>
                    <key>value</key>
                    <string>3594</string>
                </dict>
            </dict>
            <dict>
                <key>id</key>
                <string>3629</string>
                <key>Image</key>
                <dict>
                    <key>value</key>
                    <string>3624</string>
                </dict>
            </dict>
            <dict>
                <key>id</key>
                <string>3909</string>
                <key>Image</key>
                <dict>
                    <key>value</key>
                    <string>3904</string>
                </dict>
            </dict>
            <dict>
                <key>id</key>
                <string>4003</string>
            </dict>
            <dict>
                <key>id</key>
                <string>4034</string>
                <key>Image</key>
                <dict>
                    <key>value</key>
                    <string>4029</string>
                </dict>
            </dict>
            <dict>
                <key>id</key>
                <string>4072</string>
            </dict>
            <dict>
                <key>id</key>
                <string>4081</string>
            </dict>
            <dict>
                <key>id</key>
                <string>4133</string>
                <key>Image</key>
                <dict>
                    <key>value</key>
                    <string>4123</string>
                </dict>
            </dict>
            <dict>
                <key>id</key>
                <string>4259</string>
            </dict>
            <dict>
                <key>id</key>
                <string>4268</string>
            </dict>
            <dict>
                <key>id</key>
                <string>4277</string>
            </dict>
            <dict>
                <key>id</key>
                <string>4286</string>
            </dict>
            <dict>
                <key>id</key>
                <string>4295</string>
            </dict>
            <dict>
                <key>id</key>
                <string>4304</string>
            </dict>
            <dict>
                <key>id</key>
                <string>4352</string>
            </dict>
            <dict>
                <key>id</key>
                <string>4416</string>
            </dict>
            <dict>
                <key>id</key>
                <string>4425</string>
            </dict>
        </array>
    </dict>
</plist>
