<?xml version="1.0" encoding="UTF-8"?>
<!DOCTYPE plist PUBLIC "-//Apple//DTD PLIST 1.0//EN" "http://www.apple.com/DTDs/PropertyList-1.0.dtd"/>

<plist version="1.0">
    <dict>
        <key>ROOT</key>
        <array>
            <dict>
                <key>id</key>
                <string>1828</string>
                <key>objectA</key>
                <string>1694</string>
                <key>objectB</key>
                <string>1804</string>
            </dict>
            <dict>
                <key>id</key>
                <string>1829</string>
                <key>objectA</key>
                <string>1804</string>
                <key>objectB</key>
                <string>1808</string>
            </dict>
            <dict>
                <key>id</key>
                <string>1830</string>
                <key>objectA</key>
                <string>1808</string>
                <key>objectB</key>
                <string>1816</string>
            </dict>
            <dict>
                <key>id</key>
                <string>1831</string>
                <key>objectA</key>
                <string>1816</string>
                <key>objectB</key>
                <string>1820</string>
            </dict>
            <dict>
                <key>id</key>
                <string>1832</string>
                <key>objectA</key>
                <string>1820</string>
                <key>objectB</key>
                <string>1824</string>
            </dict>
            <dict>
                <key>id</key>
                <string>1833</string>
                <key>objectA</key>
                <string>1824</string>
                <key>objectB</key>
                <string>1702</string>
            </dict>
        </array>
    </dict>
</plist>
