<?xml version="1.0" encoding="UTF-8"?>
<!DOCTYPE plist PUBLIC "-//Apple//DTD PLIST 1.0//EN" "http://www.apple.com/DTDs/PropertyList-1.0.dtd"/>

<plist version="1.0">
    <dict>
        <key>ROOT</key>
        <array>
            <dict>
                <key>id</key>
                <string>1393</string>
                <key>UI</key>
                <dict>
                    <key>connectedModelId</key>
                    <string>99</string>
                    <key>attributeName</key>
                    <string>Load</string>
                    <key>isAction</key>
                    <string>true</string>
                </dict>
                <key>Menu Jump</key>
                <dict>
                    <key>connectedModelId</key>
                    <string>1635</string>
                    <key>attributeName</key>
                    <string>Load</string>
                    <key>isAction</key>
                    <string>true</string>
                </dict>
                <key>modelId</key>
                <string>1394</string>
                <key>attributesCount</key>
                <string>5</string>
            </dict>
            <dict>
                <key>id</key>
                <string>1635</string>
                <key>UI</key>
                <dict>
                    <key>connectedModelId</key>
                    <string>99</string>
                    <key>attributeName</key>
                    <string>Load</string>
                    <key>isAction</key>
                    <string>true</string>
                </dict>
                <key>Next</key>
                <dict>
                    <key>connectedModelId</key>
                    <string>1655</string>
                    <key>attributeName</key>
                    <string>Load</string>
                    <key>isAction</key>
                    <string>true</string>
                </dict>
                <key>modelId</key>
                <string>1636</string>
                <key>attributesCount</key>
                <string>5</string>
            </dict>
        </array>
    </dict>
</plist>
